x,y
2010-08-16,0.0655
2010-08-17,0.07
2010-08-18,0.068
2010-08-19,0.0667
2010-08-20,0.0655
2010-08-21,0.0664
2010-08-22,0.066
2010-08-23,0.0649
2010-08-24,0.065
2010-08-25,0.0648
2010-08-26,0.064
2010-08-27,0.065
2010-08-28,0.0641
2010-08-29,0.064
2010-08-30,0.065
2010-08-31,0.06
2010-09-01,0.0629
2010-09-02,0.0634
2010-09-03,0.0609
2010-09-04,0.0624
2010-09-05,0.0616
2010-09-06,0.0616
2010-09-07,0.061
2010-09-08,0.062
2010-09-09,0.0611
2010-09-10,0.0618
2010-09-11,0.0637
2010-09-12,0.0615
2010-09-13,0.0622
2010-09-14,0.062
2010-09-15,0.0604
2010-09-16,0.0619
2010-09-17,0.059
2010-09-18,0.061
2010-09-19,0.0627
2010-09-20,0.0621
2010-09-21,0.0627
2010-09-22,0.0622
2010-09-23,0.0623
2010-09-24,0.0622
2010-09-25,0.062
2010-09-26,0.062
2010-09-27,0.0622
2010-09-28,0.0619
2010-09-29,0.0619
2010-09-30,0.0619
2010-10-01,0.062
2010-10-02,0.0614
2010-10-03,0.0611
2010-10-04,0.0613
2010-10-05,0.0614
2010-10-06,0.0628
2010-10-07,0.067
2010-10-08,0.0869
2010-10-09,0.0938
2010-10-10,0.0965
2010-10-11,0.095
2010-10-12,0.0949
2010-10-13,0.105
2010-10-14,0.102
2010-10-15,0.105
2010-10-16,0.101
2010-10-17,0.102
2010-10-18,0.1024
2010-10-19,0.097
2010-10-20,0.099
2010-10-21,0.107
2010-10-22,0.1025
2010-10-23,0.1055
2010-10-24,0.115
2010-10-25,0.132
2010-10-26,0.1503
2010-10-27,0.1877
2010-10-28,0.1731
2010-10-29,0.19
2010-10-30,0.1989
2010-10-31,0.1925
2010-11-01,0.1955
2010-11-02,0.1938
2010-11-03,0.1931
2010-11-04,0.23
2010-11-05,0.26
2010-11-06,0.39
2010-11-07,0.34
2010-11-08,0.243
2010-11-09,0.21
2010-11-10,0.24
2010-11-11,0.2231
2010-11-12,0.2682
2010-11-13,0.276
2010-11-14,0.279
2010-11-15,0.2682
2010-11-16,0.223
2010-11-17,0.2299
2010-11-18,0.2678
2010-11-19,0.28
2010-11-20,0.283
2010-11-21,0.2768
2010-11-22,0.2879
2010-11-23,0.283
2010-11-24,0.283
2010-11-25,0.28
2010-11-26,0.2844
2010-11-27,0.283
2010-11-28,0.27
2010-11-29,0.2299
2010-11-30,0.2082
2010-12-01,0.2275
2010-12-02,0.255
2010-12-03,0.2511
2010-12-04,0.205
2010-12-05,0.19
2010-12-06,0.204
2010-12-07,0.233
2010-12-08,0.2388
2010-12-09,0.2
2010-12-10,0.204
2010-12-11,0.228
2010-12-12,0.22
2010-12-13,0.2299
2010-12-14,0.2467
2010-12-15,0.238
2010-12-16,0.25
2010-12-17,0.24
2010-12-18,0.241
2010-12-19,0.2401
2010-12-20,0.267
2010-12-21,0.24
2010-12-22,0.25
2010-12-23,0.25
2010-12-24,0.248
2010-12-25,0.2499
2010-12-26,0.265
2010-12-27,0.265
2010-12-28,0.281
2010-12-29,0.3
2010-12-30,0.3
2010-12-31,0.3
2011-01-01,0.3
2011-01-02,0.3
2011-01-03,0.295
2011-01-04,0.299
2011-01-05,0.299
2011-01-06,0.298
2011-01-07,0.32
2011-01-08,0.3229
2011-01-09,0.323
2011-01-10,0.3266
2011-01-11,0.3266
2011-01-12,0.3188
2011-01-13,0.3176
2011-01-14,0.4
2011-01-15,0.386
2011-01-16,0.3868
2011-01-17,0.3495
2011-01-18,0.313
2011-01-19,0.313
2011-01-20,0.39
2011-01-21,0.4199
2011-01-22,0.4443
2011-01-23,0.4424
2011-01-24,0.4199
2011-01-25,0.41
2011-01-26,0.417
2011-01-27,0.4212
2011-01-28,0.446
2011-01-29,0.439
2011-01-30,0.4799
2011-01-31,0.52
2011-02-01,0.7
2011-02-02,0.716
2011-02-03,0.69
2011-02-04,0.811
2011-02-05,0.92
2011-02-06,0.8997
2011-02-07,0.89
2011-02-08,0.918
2011-02-09,1.09
2011-02-10,0.9803
2011-02-11,1.07
2011-02-12,1.0799
2011-02-13,1.05
2011-02-14,1.07
2011-02-15,1.05
2011-02-16,1.045
2011-02-17,1.04
2011-02-18,0.8989
2011-02-19,0.949
2011-02-20,0.85
2011-02-21,0.8345
2011-02-22,0.8702
2011-02-23,0.9
2011-02-24,0.9974
2011-02-25,0.9111
2011-02-26,0.958
2011-02-27,0.89
2011-02-28,0.86
2011-03-01,0.9202
2011-03-02,0.9399
2011-03-03,0.9391
2011-03-04,0.901
2011-03-05,0.9103
2011-03-06,0.8999
2011-03-07,0.885
2011-03-08,0.87
2011-03-09,0.8645
2011-03-10,0.9329
2011-03-11,0.88
2011-03-12,0.918
2011-03-13,0.8925
2011-03-14,0.8949
2011-03-15,0.87
2011-03-16,0.86
2011-03-17,0.8254
2011-03-18,0.8165
2011-03-19,0.765
2011-03-20,0.7411
2011-03-21,0.759
2011-03-22,0.809
2011-03-23,0.8497
2011-03-24,0.8669
2011-03-25,0.8838
2011-03-26,0.8552
2011-03-27,0.82
2011-03-28,0.799
2011-03-29,0.7925
2011-03-30,0.7897
2011-03-31,0.7846
2011-04-01,0.7741
2011-04-02,0.782
2011-04-03,0.779
2011-04-04,0.68
2011-04-05,0.71
2011-04-06,0.74
2011-04-07,0.7538
2011-04-08,0.75
2011-04-09,0.73
2011-04-10,0.7369
2011-04-11,0.77
2011-04-12,0.86
2011-04-13,0.9225
2011-04-14,1
2011-04-15,0.9899
2011-04-16,1.0499
2011-04-17,1.1123
2011-04-18,1.162
2011-04-19,1.1979
2011-04-20,1.1421
2011-04-21,1.21
2011-04-22,1.409
2011-04-23,1.7001
2011-04-24,1.6301
2011-04-25,1.559
2011-04-26,1.7949
2011-04-27,1.9
2011-04-28,2.2106
2011-04-29,2.88
2011-04-30,3.5
2011-05-01,3.0331
2011-05-02,3.2
2011-05-03,3.41
2011-05-04,3.4061
2011-05-05,3.333
2011-05-06,3.45
2011-05-07,3.641
2011-05-08,3.8659
2011-05-09,3.8
2011-05-10,5.81
2011-05-11,5.5
2011-05-12,6.3002
2011-05-13,8.198
2011-05-14,7.1977
2011-05-15,6.987
2011-05-16,8.0339
2011-05-17,7.19
2011-05-18,6.88
2011-05-19,6.805
2011-05-20,5.5904
2011-05-21,6.1197
2011-05-22,6.6901
2011-05-23,7.1499
2011-05-24,7.42
2011-05-25,8.3997
2011-05-26,8.798
2011-05-27,8.5002
2011-05-28,8.3001
2011-05-29,8.4299
2011-05-30,8.8
2011-05-31,8.741
2011-06-01,9.57
2011-06-02,10.6
2011-06-03,14.29
2011-06-04,18.89
2011-06-05,16.7
2011-06-06,18.5499
2011-06-07,23.9234
2011-06-08,29.6
2011-06-09,28.919
2011-06-10,23.9497
2011-06-11,14.6511
2011-06-12,18.5464
2011-06-13,19.84
2011-06-14,19.28
2011-06-15,19.49
2011-06-16,17
2011-06-17,15.681
2011-06-18,16.89
2011-06-19,17.51
2011-06-20,17.51
2011-06-21,17.51
2011-06-22,17.51
2011-06-23,17.51
2011-06-24,17.51
2011-06-25,17.51
2011-06-26,16.45
2011-06-27,16.75
2011-06-28,16.9498
2011-06-29,16.845
2011-06-30,16.101
2011-07-01,15.397
2011-07-02,15.4
2011-07-03,15.4405
2011-07-04,13.86
2011-07-05,12.9069
2011-07-06,14.7835
2011-07-07,14.7761
2011-07-08,14.314
2011-07-09,14.38
2011-07-10,14.9
2011-07-11,14.2091
2011-07-12,14.0094
2011-07-13,13.951
2011-07-14,13.99
2011-07-15,13.81
2011-07-16,13.7191
2011-07-17,13.16
2011-07-18,13.48
2011-07-19,13.8502
2011-07-20,13.6894
2011-07-21,13.61
2011-07-22,13.6954
2011-07-23,13.68
2011-07-24,13.98
2011-07-25,14.0478
2011-07-26,13.8821
2011-07-27,13.9394
2011-07-28,13.4901
2011-07-29,13.4983
2011-07-30,13.5303
2011-07-31,13.35
2011-08-01,13.0946
2011-08-02,12.05
2011-08-03,9.26
2011-08-04,10.75
2011-08-05,9.7999
2011-08-06,6.55
2011-08-07,7.9
2011-08-08,7.7999
2011-08-09,9.99
2011-08-10,9.98
2011-08-11,9.4625
2011-08-12,9.4605
2011-08-13,10.131
2011-08-14,10.7957
2011-08-15,11.1498
2011-08-16,10.9641
2011-08-17,10.9456
2011-08-18,10.83
2011-08-19,11.65
2011-08-20,11.453
2011-08-21,11.3113
2011-08-22,10.895
2011-08-23,10.94
2011-08-24,10.8506
2011-08-25,9.657
2011-08-26,8.1794
2011-08-27,8.5902
2011-08-28,9.0701
2011-08-29,8.969
2011-08-30,8.7913
2011-08-31,8.1995
2011-09-01,8.21
2011-09-02,8.64
2011-09-03,8.48
2011-09-04,8.178
2011-09-05,7.611
2011-09-06,6.8628
2011-09-07,7.1864
2011-09-08,6.53
2011-09-09,5.03
2011-09-10,4.7739
2011-09-11,5.8644
2011-09-12,6.078
2011-09-13,5.8
2011-09-14,5.6193
2011-09-15,4.84
2011-09-16,4.82
2011-09-17,4.77
2011-09-18,5.2
2011-09-19,5.46
2011-09-20,6.1119
2011-09-21,5.6114
2011-09-22,5.4278
2011-09-23,5.5451
2011-09-24,5.4683
2011-09-25,5.33
2011-09-26,4.8697
2011-09-27,4.9156
2011-09-28,4.7725
2011-09-29,4.7794
2011-09-30,5.1401
2011-10-01,5.0324
2011-10-02,5.027
2011-10-03,5.024
2011-10-04,4.96
2011-10-05,4.87
2011-10-06,4.7344
2011-10-07,4.2728
2011-10-08,4.0075
2011-10-09,4.1029
2011-10-10,4.1
2011-10-11,3.9308
2011-10-12,4.15
2011-10-13,4.0462
2011-10-14,3.9879
2011-10-15,3.8421
2011-10-16,3.557
2011-10-17,2.56
2011-10-18,2.419
2011-10-19,2.27
2011-10-20,2.348
2011-10-21,2.57
2011-10-22,3.1588
2011-10-23,3.17
2011-10-24,2.545
2011-10-25,2.77
2011-10-26,2.773
2011-10-27,3.04
2011-10-28,3.19
2011-10-29,3.5811
2011-10-30,3.27
2011-10-31,3.248
2011-11-01,3.15
2011-11-02,3.2543
2011-11-03,3.152
2011-11-04,3.109
2011-11-05,2.97
2011-11-06,2.9596
2011-11-07,3.0068
2011-11-08,3.035
2011-11-09,2.95
2011-11-10,2.8399
2011-11-11,3.08
2011-11-12,3.031
2011-11-13,2.9969
2011-11-14,2.22
2011-11-15,2.329
2011-11-16,2.5604
2011-11-17,2.25
2011-11-18,2.05
2011-11-19,2.1959
2011-11-20,2.2
2011-11-21,2.294
2011-11-22,2.3289
2011-11-23,2.3321
2011-11-24,2.4321
2011-11-25,2.5061
2011-11-26,2.47
2011-11-27,2.4799
2011-11-28,2.55
2011-11-29,2.7502
2011-11-30,2.9701
2011-12-01,3.06
2011-12-02,3.1151
2011-12-03,2.794
2011-12-04,2.8281
2011-12-05,2.8798
2011-12-06,3.03
2011-12-07,2.99
2011-12-08,2.98
2011-12-09,2.97
2011-12-10,3.05
2011-12-11,3.2511
2011-12-12,3.135
2011-12-13,3.2499
2011-12-14,3.15
2011-12-15,3.2
2011-12-16,3.2
2011-12-17,3.2001
2011-12-18,3.193
2011-12-19,3.5202
2011-12-20,3.95
2011-12-21,3.89
2011-12-22,3.8901
2011-12-23,3.9468
2011-12-24,3.94
2011-12-25,4.225
2011-12-26,4.018
2011-12-27,4.07
2011-12-28,4.1855
2011-12-29,4.166
2011-12-30,4.248
2011-12-31,4.722
2012-01-01,5.2677
2012-01-02,5.2168
2012-01-03,4.8808
2012-01-04,5.5738
2012-01-05,6.9476
2012-01-06,6.6969
2012-01-07,6.81
2012-01-08,7.1136
2012-01-09,6.3257
2012-01-10,6.36
2012-01-11,6.9
2012-01-12,6.8
2012-01-13,6.41
2012-01-14,6.75
2012-01-15,7.0018
2012-01-16,6.6825
2012-01-17,5.6
2012-01-18,5.92
2012-01-19,6.3598
2012-01-20,6.4898
2012-01-21,6.18
2012-01-22,6.3097
2012-01-23,6.356
2012-01-24,6.2898
2012-01-25,5.75
2012-01-26,5.34
2012-01-27,5.292
2012-01-28,5.6267
2012-01-29,5.3809
2012-01-30,5.4905
2012-01-31,5.4838
2012-02-01,6.0756
2012-02-02,6.1
2012-02-03,5.9593
2012-02-04,5.8734
2012-02-05,5.6888
2012-02-06,5.4535
2012-02-07,5.69
2012-02-08,5.6
2012-02-09,5.83
2012-02-10,5.9126
2012-02-11,5.6005
2012-02-12,5.5147
2012-02-13,5.26
2012-02-14,4.4629
2012-02-15,4.3251
2012-02-16,4.2739
2012-02-17,4.41
2012-02-18,4.222
2012-02-19,4.3867
2012-02-20,4.3615
2012-02-21,4.272
2012-02-22,4.4247
2012-02-23,5.015
2012-02-24,5.0288
2012-02-25,4.773
2012-02-26,4.922
2012-02-27,4.956
2012-02-28,4.868
2012-02-29,4.86
2012-03-01,4.9213
2012-03-02,4.705
2012-03-03,4.6144
2012-03-04,4.82
2012-03-05,4.9843
2012-03-06,4.9901
2012-03-07,4.9375
2012-03-08,4.9302
2012-03-09,4.8611
2012-03-10,4.8332
2012-03-11,4.91
2012-03-12,4.8901
2012-03-13,5.27
2012-03-14,5.38
2012-03-15,5.3266
2012-03-16,5.3439
2012-03-17,5.2159
2012-03-18,5.2794
2012-03-19,4.6939
2012-03-20,4.8379
2012-03-21,4.8149
2012-03-22,4.7043
2012-03-23,4.686
2012-03-24,4.676
2012-03-25,4.55
2012-03-26,4.6191
2012-03-27,4.8113
2012-03-28,4.788
2012-03-29,4.8084
2012-03-30,4.86
2012-03-31,4.9087
2012-04-01,4.827
2012-04-02,4.974
2012-04-03,4.952
2012-04-04,4.9101
2012-04-05,4.919
2012-04-06,4.9499
2012-04-07,4.6872
2012-04-08,4.7925
2012-04-09,4.8719
2012-04-10,4.8367
2012-04-11,4.9279
2012-04-12,4.9197
2012-04-13,4.94
2012-04-14,4.9597
2012-04-15,4.9689
2012-04-16,4.932
2012-04-17,4.9759
2012-04-18,5.1178
2012-04-19,5.1377
2012-04-20,5.35
2012-04-21,5.2601
2012-04-22,5.2035
2012-04-23,4.96
2012-04-24,5.0982
2012-04-25,5.1318
2012-04-26,5.0976
2012-04-27,5.1095
2012-04-28,4.9794
2012-04-29,4.9044
2012-04-30,4.9491
2012-05-01,5
2012-05-02,5.0737
2012-05-03,5.1344
2012-05-04,5.067
2012-05-05,5.077
2012-05-06,5.0499
2012-05-07,5.06
2012-05-08,5.05
2012-05-09,5.0437
2012-05-10,4.85
2012-05-11,4.96
2012-05-12,4.9462
2012-05-13,4.93
2012-05-14,5.0059
2012-05-15,5.035
2012-05-16,5.0887
2012-05-17,5.0998
2012-05-18,5.118
2012-05-19,5.0995
2012-05-20,5.09
2012-05-21,5.0998
2012-05-22,5.0988
2012-05-23,5.1397
2012-05-24,5.119
2012-05-25,5.1455
2012-05-26,5.1032
2012-05-27,5.139
2012-05-28,5.1358
2012-05-29,5.15
2012-05-30,5.135
2012-05-31,5.1801
2012-06-01,5.2748
2012-06-02,5.249
2012-06-03,5.2051
2012-06-04,5.266
2012-06-05,5.44
2012-06-06,5.46
2012-06-07,5.591
2012-06-08,5.633
2012-06-09,5.56
2012-06-10,5.4683
2012-06-11,5.5747
2012-06-12,5.7
2012-06-13,5.929
2012-06-14,5.9541
2012-06-15,6.5
2012-06-16,6.4
2012-06-17,6.1638
2012-06-18,6.31
2012-06-19,6.4988
2012-06-20,6.67
2012-06-21,6.6801
2012-06-22,6.5478
2012-06-23,6.4285
2012-06-24,6.35
2012-06-25,6.3048
2012-06-26,6.4195
2012-06-27,6.647
2012-06-28,6.6059
2012-06-29,6.65
2012-06-30,6.69
2012-07-01,6.629
2012-07-02,6.76
2012-07-03,6.4499
2012-07-04,6.5101
2012-07-05,6.67
2012-07-06,6.6481
2012-07-07,6.7621
2012-07-08,6.799
2012-07-09,7.0215
2012-07-10,7.1999
2012-07-11,7.15
2012-07-12,7.7644
2012-07-13,7.6651
2012-07-14,7.5421
2012-07-15,7.621
2012-07-16,8.4996
2012-07-17,8.8
2012-07-18,9.1098
2012-07-19,8.87
2012-07-20,8.52
2012-07-21,8.8455
2012-07-22,8.4096
2012-07-23,8.4457
2012-07-24,8.6
2012-07-25,8.8
2012-07-26,8.9
2012-07-27,8.9
2012-07-28,8.8881
2012-07-29,8.7103
2012-07-30,9.098
2012-07-31,9.35
2012-08-01,9.5503
2012-08-02,10.53
2012-08-03,10.97
2012-08-04,10.984
2012-08-05,10.87
2012-08-06,10.8552
2012-08-07,11.1
2012-08-08,11.0553
2012-08-09,11.0611
2012-08-10,11.3864
2012-08-11,11.5102
2012-08-12,11.624
2012-08-13,12.0375
2012-08-14,12.19
2012-08-15,13.25
2012-08-16,13.5
2012-08-17,11.5836
2012-08-18,11.61
2012-08-19,8
2012-08-20,10.1
2012-08-21,9.915
2012-08-22,9.8068
2012-08-23,10.1
2012-08-24,10.6
2012-08-25,10.5239
2012-08-26,10.61
2012-08-27,10.95
2012-08-28,10.94
2012-08-29,10.9169
2012-08-30,10.777
2012-08-31,10.16
2012-09-01,9.9654
2012-09-02,10.2041
2012-09-03,10.53
2012-09-04,10.3847
2012-09-05,10.9997
2012-09-06,11.181
2012-09-07,11
2012-09-08,11.037
2012-09-09,11.02
2012-09-10,11.17
2012-09-11,11.3308
2012-09-12,11.3649
2012-09-13,11.399
2012-09-14,11.67
2012-09-15,11.75
2012-09-16,11.87
2012-09-17,11.89
2012-09-18,12.25
2012-09-19,12.5725
2012-09-20,12.2825
2012-09-21,12.368
2012-09-22,12.2378
2012-09-23,12.1933
2012-09-24,12.1
2012-09-25,12.197
2012-09-26,12.27
2012-09-27,12.3089
2012-09-28,12.391
2012-09-29,12.3631
2012-09-30,12.4
2012-10-01,12.4
2012-10-02,12.84
2012-10-03,12.89
2012-10-04,12.85
2012-10-05,12.688
2012-10-06,12.505
2012-10-07,11.8
2012-10-08,11.7781
2012-10-09,11.895
2012-10-10,12.12
2012-10-11,12.03
2012-10-12,12
2012-10-13,11.861
2012-10-14,11.7389
2012-10-15,11.8381
2012-10-16,11.8499
2012-10-17,11.81
2012-10-18,11.9398
2012-10-19,11.7401
2012-10-20,11.7399
2012-10-21,11.6311
2012-10-22,11.7101
2012-10-23,11.65
2012-10-24,11.65
2012-10-25,10.8616
2012-10-26,10.1706
2012-10-27,10.2605
2012-10-28,10.7
2012-10-29,10.6
2012-10-30,10.8875
2012-10-31,11.201
2012-11-01,10.57
2012-11-02,10.4688
2012-11-03,10.6425
2012-11-04,10.8001
2012-11-05,10.748
2012-11-06,10.899
2012-11-07,10.92
2012-11-08,10.925
2012-11-09,10.815
2012-11-10,10.89
2012-11-11,10.8687
2012-11-12,11.008
2012-11-13,10.9512
2012-11-14,10.95
2012-11-15,11.1977
2012-11-16,11.7489
2012-11-17,11.7889
2012-11-18,11.6515
2012-11-19,11.7999
2012-11-20,11.7328
2012-11-21,11.77
2012-11-22,12.4219
2012-11-23,12.345
2012-11-24,12.4115
2012-11-25,12.4821
2012-11-26,12.2455
2012-11-27,12.2
2012-11-28,12.3477
2012-11-29,12.45
2012-11-30,12.565
2012-12-01,12.562
2012-12-02,12.5
2012-12-03,12.679
2012-12-04,13.41
2012-12-05,13.38
2012-12-06,13.299
2012-12-07,13.4999
2012-12-08,13.4201
2012-12-09,13.388
2012-12-10,13.4334
2012-12-11,13.557
2012-12-12,13.6989
2012-12-13,13.7001
2012-12-14,13.6
2012-12-15,13.4901
2012-12-16,13.3
2012-12-17,13.2501
2012-12-18,13.299
2012-12-19,13.599
2012-12-20,13.5246
2012-12-21,13.5
2012-12-22,13.3714
2012-12-23,13.312
2012-12-24,13.38
2012-12-25,13.35
2012-12-26,13.4679
2012-12-27,13.4217
2012-12-28,13.4212
2012-12-29,13.4
2012-12-30,13.45
2012-12-31,13.51
2013-01-01,13.3041
2013-01-02,13.28
2013-01-03,13.3979
2013-01-04,13.5
2013-01-05,13.44
2013-01-06,13.454
2013-01-07,13.5876
2013-01-08,13.7428
2013-01-09,13.77
2013-01-10,14.14
2013-01-11,14.137
2013-01-12,14.237
2013-01-13,14.116
2013-01-14,14.3
2013-01-15,14.25
2013-01-16,14.73
2013-01-17,15.5
2013-01-18,15.705
2013-01-19,15.615
2013-01-20,15.7
2013-01-21,16.8
2013-01-22,17.2614
2013-01-23,17.5
2013-01-24,16.896
2013-01-25,17.4
2013-01-26,17.88
2013-01-27,17.8182
2013-01-28,18.721
2013-01-29,19.5254
2013-01-30,19.7
2013-01-31,20.41
2013-02-01,20.499
2013-02-02,19.63
2013-02-03,20.59
2013-02-04,20.4301
2013-02-05,20.6
2013-02-06,21.18
2013-02-07,22.15
2013-02-08,22.66
2013-02-09,23.65
2013-02-10,23.9698
2013-02-11,24.65
2013-02-12,25.1698
2013-02-13,24.2
2013-02-14,27.2205
2013-02-15,27.1
2013-02-16,27.2158
2013-02-17,26.8146
2013-02-18,26.95
2013-02-19,29.4176
2013-02-20,29.645
2013-02-21,29.7477
2013-02-22,30.2454
2013-02-23,29.8
2013-02-24,29.89
2013-02-25,30.4
2013-02-26,31.1
2013-02-27,30.9012
2013-02-28,33.38
2013-03-01,34.5
2013-03-02,34.25
2013-03-03,34.5
2013-03-04,36.152
2013-03-05,40.33
2013-03-06,41.0201
2013-03-07,42
2013-03-08,44.18
2013-03-09,46.85
2013-03-10,46
2013-03-11,48.4
2013-03-12,44.2899
2013-03-13,46.92
2013-03-14,47.1696
2013-03-15,46.95
2013-03-16,47.0002
2013-03-17,47.4
2013-03-18,51.6
2013-03-19,59.14
2013-03-20,64.4888
2013-03-21,70.85
2013-03-22,69.865
2013-03-23,64.35
2013-03-24,71.5
2013-03-25,73.6
2013-03-26,78.5
2013-03-27,88.92
2013-03-28,86.18
2013-03-29,90.5
2013-03-30,92.19
2013-03-31,93.03
2013-04-01,104
2013-04-02,117.98
2013-04-03,135
2013-04-04,132.12
2013-04-05,142.3236
2013-04-06,142.6311
2013-04-07,162.301
2013-04-08,187.5
2013-04-09,230
2013-04-10,165
2013-04-11,124.9
2013-04-12,117
2013-04-13,93
2013-04-14,90
2013-04-15,82.386
2013-04-16,68.3557
2013-04-17,93.07
2013-04-18,109.01
2013-04-19,118.48
2013-04-20,126.6155
2013-04-21,119.2
2013-04-22,127.4
2013-04-23,143.475
2013-04-24,154.2
2013-04-25,141.71
2013-04-26,136.9
2013-04-27,128.0001
2013-04-28,134.4444
2013-04-29,135.3
2013-04-30,141.96
2013-05-01,135.3
2013-05-02,117
2013-05-03,103.43
2013-05-04,91.01
2013-05-05,111.25
2013-05-06,116.79
2013-05-07,118.33
2013-05-08,106.4
2013-05-09,112.64
2013-05-10,113
2013-05-11,118.78
2013-05-12,113.01
2013-05-13,114.713
2013-05-14,117.18
2013-05-15,114.5
2013-05-16,114.156
2013-05-17,115.5
2013-05-18,123.1
2013-05-19,123.88
2013-05-20,120.501
2013-05-21,122.58
2013-05-22,122.9
2013-05-23,123
2013-05-24,125.748
2013-05-25,131.7
2013-05-26,130.77
2013-05-27,134.6
2013-05-28,128.985
2013-05-29,129.179
2013-05-30,132.13
2013-05-31,127.401
2013-06-01,127.98
2013-06-02,129.09
2013-06-03,121.3
2013-06-04,121.16
2013-06-05,121.309
2013-06-06,121.714
2013-06-07,119
2013-06-08,110.09
2013-06-09,108.401
2013-06-10,99.7497
2013-06-11,105.99
2013-06-12,108.9
2013-06-13,108.4
2013-06-14,102.769
2013-06-15,98.399
2013-06-16,99.99
2013-06-17,100.42
2013-06-18,102
2013-06-19,106.55
2013-06-20,107.9
2013-06-21,110.91
2013-06-22,109.015
2013-06-23,107.25
2013-06-24,108
2013-06-25,102.443
2013-06-26,103.691
2013-06-27,103.39
2013-06-28,99.66
2013-06-29,93.3311
2013-06-30,95.3886
2013-07-01,97.504
2013-07-02,89.489
2013-07-03,90.797
2013-07-04,78.8
2013-07-05,78.48
2013-07-06,67.809
2013-07-07,68.0831
2013-07-08,77.502
2013-07-09,76.3915
2013-07-10,77
2013-07-11,85.75
2013-07-12,93.804
2013-07-13,88.0622
2013-07-14,95.58
2013-07-15,94
2013-07-16,97.301
2013-07-17,98.9796
2013-07-18,97.8
2013-07-19,88.7869
2013-07-20,91.572
2013-07-21,89.28
2013-07-22,90.3672
2013-07-23,91.7024
2013-07-24,94.5806
2013-07-25,94.525
2013-07-26,96.9499
2013-07-27,94.13
2013-07-28,94.005
2013-07-29,98.5759
2013-07-30,101.5
2013-07-31,110.34
2013-08-01,106.23
2013-08-02,101.61
2013-08-03,103.7
2013-08-04,104.86
2013-08-05,106.56
2013-08-06,105.841
2013-08-07,106.75
2013-08-08,105.232
2013-08-09,103.958
2013-08-10,103.692
2013-08-11,103.48
2013-08-12,104.4
2013-08-13,106.89
2013-08-14,110.55
2013-08-15,111.701
2013-08-16,108.65
2013-08-17,109
2013-08-18,112.17
2013-08-19,117.879
2013-08-20,120.2
2013-08-21,120
2013-08-22,121.9
2013-08-23,121.18
2013-08-24,119
2013-08-25,120.5
2013-08-26,121.8
2013-08-27,122.3
2013-08-28,126.36
2013-08-29,122.5
2013-08-30,121.68
2013-08-31,133.17
2013-09-01,137.08
2013-09-02,136.65
2013-09-03,135.3
2013-09-04,136.45
2013-09-05,127.28
2013-09-06,125.79
2013-09-07,121.18
2013-09-08,123.46
2013-09-09,120.85
2013-09-10,127.25
2013-09-11,123.44
2013-09-12,134.51
2013-09-13,136.31
2013-09-14,132.62
2013-09-15,128.62
2013-09-16,130.55
2013-09-17,126.57
2013-09-18,130.73
2013-09-19,131.05
2013-09-20,129.75
2013-09-21,127.47
2013-09-22,127.31
2013-09-23,128.39
2013-09-24,126.39
2013-09-25,128.84
2013-09-26,128.92
2013-09-27,130.18
2013-09-28,134.69
2013-09-29,138.5
2013-09-30,134.48
2013-10-01,133.99
2013-10-02,131.61
2013-10-03,121.59
2013-10-04,125.93
2013-10-05,129.07
2013-10-06,128.78
2013-10-07,129.46
2013-10-08,126.11
2013-10-09,127.37
2013-10-10,131.09
2013-10-11,130.18
2013-10-12,133.14
2013-10-13,134.55
2013-10-14,140.03
2013-10-15,139.63
2013-10-16,151.76
2013-10-17,144.13
2013-10-18,146.52
2013-10-19,163.2
2013-10-20,173.14
2013-10-21,178.19
2013-10-22,192.69
2013-10-23,195.01
2013-10-24,190.36
2013-10-25,185.65
2013-10-26,185.26
2013-10-27,182.28
2013-10-28,195.8
2013-10-29,200.01
2013-10-30,202.32
2013-10-31,201.27
2013-11-01,203.73
2013-11-02,207.12
2013-11-03,205.02
2013-11-04,216.48
2013-11-05,230.43
2013-11-06,256.82
2013-11-07,294.21
2013-11-08,319.81
2013-11-09,353.33
2013-11-10,315.76
2013-11-11,332.41
2013-11-12,361.3
2013-11-13,374.95
2013-11-14,408.52
2013-11-15,427.99
2013-11-16,441.28
2013-11-17,468.66
2013-11-18,558.49
2013-11-19,674.71
2013-11-20,482.59
2013-11-21,620.39
2013-11-22,731.15
2013-11-23,738.639
2013-11-24,808.91
2013-11-25,776.96
2013-11-26,791.59
2013-11-27,909
2013-11-28,983.78
2013-11-29,1031.2
2013-11-30,1149.14
2013-12-01,1122.87
2013-12-02,997.84
2013-12-03,1030.64
2013-12-04,1077.12
2013-12-05,1127.12
2013-12-06,1002.91
2013-12-07,765.32
2013-12-08,694.46
2013-12-09,837.82
2013-12-10,921.78
2013-12-11,957.82
2013-12-12,852.89
2013-12-13,906.15
2013-12-14,892.83
2013-12-15,850.15
2013-12-16,868.93
2013-12-17,669.11
2013-12-18,644.05
2013-12-19,560.15
2013-12-20,711.94
2013-12-21,638.3
2013-12-22,609.69
2013-12-23,645.14
2013-12-24,671.42
2013-12-25,654.72
2013-12-26,693.91
2013-12-27,736.34
2013-12-28,729.8
2013-12-29,719.49
2013-12-30,752.77
2013-12-31,747.72
2014-01-01,769.08
2014-01-02,771.15
2014-01-03,802.1
2014-01-04,809.9
2014-01-05,864.09
2014-01-06,975.83
2014-01-07,919.1
2014-01-08,857.55
2014-01-09,840.98
2014-01-10,836.11
2014-01-11,908.02
2014-01-12,863.47
2014-01-13,835.11
2014-01-14,836.54
2014-01-15,863.15
2014-01-16,853.01
2014-01-17,824.34
2014-01-18,838.31
2014-01-19,833.7
2014-01-20,865.46
2014-01-21,867.22
2014-01-22,852.448
2014-01-23,846.28
2014-01-24,828.5
2014-01-25,802.45
2014-01-26,850.35
2014-01-27,890.5
2014-01-28,803.34
2014-01-29,813.91
2014-01-30,825.36
2014-01-31,819.49
2014-02-01,823.08
2014-02-02,842.05
2014-02-03,829.58
2014-02-04,819.19
2014-02-05,831.17
2014-02-06,821.49
2014-02-07,783.21
2014-02-08,725.92
2014-02-09,687.32
2014-02-10,692.4
2014-02-11,668.35
2014-02-12,638.18
2014-02-13,654.09
2014-02-14,563.37
2014-02-15,644.56
2014-02-16,658.47
2014-02-17,616.22
2014-02-18,641.65
2014-02-19,625.32
2014-02-20,625.23
2014-02-21,549.26
2014-02-22,567.5
2014-02-23,613.72
2014-02-24,578.54
2014-02-25,497.98
2014-02-26,563.52
2014-02-27,581.48
2014-02-28,571.31
2014-03-01,558.21
2014-03-02,561.03
2014-03-03,573.53
2014-03-04,662.1
2014-03-05,663.72
2014-03-06,662.5
2014-03-07,655.21
2014-03-08,621.94
2014-03-09,622.39
2014-03-10,639.21
2014-03-11,630.67
2014-03-12,635.66
2014-03-13,639.84
2014-03-14,633.27
2014-03-15,631.85
2014-03-16,634.47
2014-03-17,622.31
2014-03-18,616.987
2014-03-19,616.973
2014-03-20,603.703
2014-03-21,600.589
2014-03-22,565.677
2014-03-23,567.012
2014-03-24,556.214
2014-03-25,573.041
2014-03-26,584.442
2014-03-27,543.197
2014-03-28,522.284
2014-03-29,491.286
2014-03-30,485.565
2014-03-31,476.496
2014-04-01,458.605
2014-04-02,481.448
2014-04-03,427.184
2014-04-04,436.883
2014-04-05,452.016
2014-04-06,464.402
2014-04-07,455.561
2014-04-08,453.189
2014-04-09,454.672
2014-04-10,427.748
2014-04-11,381.885
2014-04-12,438.115
2014-04-13,424.927
2014-04-14,409.46
2014-04-15,455.373
2014-04-16,515.641
2014-04-17,519.52
2014-04-18,493.836
2014-04-19,471.864
2014-04-20,504.638
2014-04-21,507.807
2014-04-22,498.687
2014-04-23,490.975
2014-04-24,488.405
2014-04-25,456.307
2014-04-26,451.657
2014-04-27,455.845
2014-04-28,425.696
2014-04-29,447.438
2014-04-30,446.294
2014-05-01,450.762
2014-05-02,445.525
2014-05-03,440.957
2014-05-04,433.529
2014-05-05,429.981
2014-05-06,427.341
2014-05-07,430.926
2014-05-08,440.211
2014-05-09,441.514
2014-05-10,450.369
2014-05-11,451.272
2014-05-12,433.401
2014-05-13,441.282
2014-05-14,439.853
2014-05-15,444.368
2014-05-16,448.209
2014-05-17,448.52
2014-05-18,447.912
2014-05-19,447.122
2014-05-20,445.06
2014-05-21,483.302
2014-05-22,492.126
2014-05-23,516.295
2014-05-24,523.193
2014-05-25,555.32
2014-05-26,586.827
2014-05-27,584.793
2014-05-28,575.617
2014-05-29,566.67
2014-05-30,569.327
2014-05-31,617.077
2014-06-01,648.41
2014-06-02,623.169
2014-06-03,657.145
2014-06-04,639.06
2014-06-05,645.998
2014-06-06,657.275
2014-06-07,652.765
2014-06-08,657.53
2014-06-09,647.333
2014-06-10,657.994
2014-06-11,650.166
2014-06-12,636.624
2014-06-13,610.96
2014-06-14,584.821
2014-06-15,559.434
2014-06-16,599.72
2014-06-17,596.463
2014-06-18,612.4
2014-06-19,610.083
2014-06-20,589.439
2014-06-21,591.765
2014-06-22,604.541
2014-06-23,593.671
2014-06-24,594.267
2014-06-25,571.571
2014-06-26,569.836
2014-06-27,573.299
2014-06-28,584.93
2014-06-29,600.891
2014-06-30,626.494
2014-07-01,654.42
2014-07-02,645.444
2014-07-03,643.645
2014-07-04,645.18
2014-07-05,631.675
2014-07-06,632.787
2014-07-07,634.794
2014-07-08,622.017
2014-07-09,624.45
2014-07-10,614.266
2014-07-11,629.174
2014-07-12,628.546
2014-07-13,629.067
2014-07-14,619.951
2014-07-15,623.815
2014-07-16,616.682
2014-07-17,620.055
2014-07-18,620.928
2014-07-19,628.086
2014-07-20,625.016
2014-07-21,620.445
2014-07-22,621.996
2014-07-23,622.907
2014-07-24,601.158
2014-07-25,601.76
2014-07-26,597.815
2014-07-27,597.576
2014-07-28,582.346
2014-07-29,583.662
2014-07-30,574.994
2014-07-31,576.811
2014-08-01,585.466
2014-08-02,597.118
2014-08-03,589.081
2014-08-04,586.593
2014-08-05,589.73
2014-08-06,586.449
2014-08-07,586.662
2014-08-08,589.683
2014-08-09,593.09
2014-08-10,589.511
2014-08-11,590.392
2014-08-12,580.499
2014-08-13,569.529
2014-08-14,539.68
2014-08-15,516.599
2014-08-16,493.484
2014-08-17,506.347
2014-08-18,492.127
2014-08-19,460.031
2014-08-20,477.45
2014-08-21,504.065
2014-08-22,525.04
2014-08-23,517.643
2014-08-24,501.235
2014-08-25,511.395
2014-08-26,502.386
2014-08-27,511.836
2014-08-28,512.218
2014-08-29,508.083
2014-08-30,510.361
2014-08-31,504.556
2014-09-01,475.192
2014-09-02,481.846
2014-09-03,482.651
2014-09-04,477.171
2014-09-05,488.176
2014-09-06,484.695
2014-09-07,487.596
2014-09-08,485.551
2014-09-09,479.012
2014-09-10,472.043
2014-09-11,484.654
2014-09-12,474.61
2014-09-13,476.119
2014-09-14,480.77
2014-09-15,477.706
2014-09-16,476.807
2014-09-17,469.813
2014-09-18,453.857
2014-09-19,425.231
2014-09-20,398.955
2014-09-21,412.868
2014-09-22,402.317
2014-09-23,402.175
2014-09-24,434.903
2014-09-25,428.889
2014-09-26,410.605
2014-09-27,404.686
2014-09-28,398.393
2014-09-29,381.14
2014-09-30,381.27
2014-10-01,384.025
2014-10-02,384.461
2014-10-03,376.265
2014-10-04,358.614
2014-10-05,328.078
2014-10-06,321.4
2014-10-07,326.921
2014-10-08,333.213
2014-10-09,357.081
2014-10-10,371.211
2014-10-11,362.101
2014-10-12,361.012
2014-10-13,372.683
2014-10-14,404.963
2014-10-15,398.12
2014-10-16,393.288
2014-10-17,383.645
2014-10-18,381.085
2014-10-19,392.849
2014-10-20,383.055
2014-10-21,384.58
2014-10-22,386.883
2014-10-23,372.734
2014-10-24,359.324
2014-10-25,353.778
2014-10-26,353.119
2014-10-27,352.45
2014-10-28,357.405
2014-10-29,357.237
2014-10-30,339.989
2014-10-31,345.474
2014-11-01,329.199
2014-11-02,324.968
2014-11-03,330.595
2014-11-04,326.202
2014-11-05,336.67
2014-11-06,340.384
2014-11-07,347.635
2014-11-08,343.492
2014-11-09,349.135
2014-11-10,359.944
2014-11-11,367.833
2014-11-12,378.629
2014-11-13,438.286
2014-11-14,384.976
2014-11-15,395.159
2014-11-16,386.854
2014-11-17,409.747
2014-11-18,383.823
2014-11-19,383.492
2014-11-20,364.929
2014-11-21,353.103
2014-11-22,358.654
2014-11-23,357.059
2014-11-24,374.572
2014-11-25,393.176
2014-11-26,369.096
2014-11-27,372.335
2014-11-28,363.23
2014-11-29,378.912
2014-11-30,381.015
2014-12-01,379.968
2014-12-02,380.975
2014-12-03,376.298
2014-12-04,375.683
2014-12-05,372.943
2014-12-06,374.454
2014-12-07,374.862
2014-12-08,366.659
2014-12-09,350.734
2014-12-10,350.037
2014-12-11,351.872
2014-12-12,356.597
2014-12-13,347.5
2014-12-14,346.567
2014-12-15,351.142
2014-12-16,345.42
2014-12-17,333.954
2014-12-18,321.417
2014-12-19,311.418
2014-12-20,316.632
2014-12-21,328.891
2014-12-22,322.022
2014-12-23,333.14
2014-12-24,334.25
2014-12-25,318.075
2014-12-26,317.811
2014-12-27,324.885
2014-12-28,316.561
2014-12-29,319.854
2014-12-30,314.022
2014-12-31,310.6
2015-01-01,317.848
2015-01-02,313.639
2015-01-03,314.87
2015-01-04,281.246
2015-01-05,266.723
2015-01-06,274.168
2015-01-07,283.238
2015-01-08,293.754
2015-01-09,282.507
2015-01-10,277.861
2015-01-11,274.705
2015-01-12,267.988
2015-01-13,244.566
2015-01-14,207.809
2015-01-15,204.946
2015-01-16,218.091
2015-01-17,197.244
2015-01-18,210.52
2015-01-19,208.277
2015-01-20,209.398
2015-01-21,213.693
2015-01-22,230.925
2015-01-23,226.646
2015-01-24,232.926
2015-01-25,246.348
2015-01-26,299.413
2015-01-27,258.223
2015-01-28,262.191
2015-01-29,230.433
2015-01-30,232.815
2015-01-31,232.025
2015-02-01,212.725
2015-02-02,224.714
2015-02-03,239.545
2015-02-04,223.529
2015-02-05,225.924
2015-02-06,218.892
2015-02-07,228.917
2015-02-08,227.457
2015-02-09,222.527
2015-02-10,216.425
2015-02-11,220.585
2015-02-12,219.139
2015-02-13,234.847
2015-02-14,247.851
2015-02-15,262.742
2015-02-16,237.533
2015-02-17,237.71
2015-02-18,241.633
2015-02-19,236.829
2015-02-20,246.175
2015-02-21,243.83
2015-02-22,245.211
2015-02-23,234.566
2015-02-24,236.6
2015-02-25,235.821
2015-02-26,236.16
2015-02-27,251.802
2015-02-28,252.86
2015-03-01,246.098
2015-03-02,258.834
2015-03-03,270.295
2015-03-04,278.934
2015-03-05,282.029
2015-03-06,267.155
2015-03-07,271.081
2015-03-08,276.149
2015-03-09,274.759
2015-03-10,286.625
2015-03-11,295.158
2015-03-12,296.145
2015-03-13,296.532
2015-03-14,287.691
2015-03-15,282.985
2015-03-16,284.199
2015-03-17,291.018
2015-03-18,287.963
2015-03-19,266.851
2015-03-20,259.816
2015-03-21,260.658
2015-03-22,260.475
2015-03-23,262.736
2015-03-24,263.101
2015-03-25,246.765
2015-03-26,245.087
2015-03-27,253.246
2015-03-28,248.411
2015-03-29,251.687
2015-03-30,244.8
2015-03-31,247.838
2015-04-01,245.58
2015-04-02,247.918
2015-04-03,253.183
2015-04-04,255.069
2015-04-05,253.204
2015-04-06,261.58
2015-04-07,252.688
2015-04-08,253.043
2015-04-09,244.848
2015-04-10,242.767
2015-04-11,236.266
2015-04-12,237.318
2015-04-13,235.823
2015-04-14,224.205
2015-04-15,222.072
2015-04-16,225.966
2015-04-17,228.548
2015-04-18,223.356
2015-04-19,223.678
2015-04-20,223.602
2015-04-21,225.39
2015-04-22,234.599
2015-04-23,233.853
2015-04-24,231.789
2015-04-25,229.881
2015-04-26,218.727
2015-04-27,220.454
2015-04-28,224.947
2015-04-29,224.665
2015-04-30,234.167
2015-05-01,235.142
2015-05-02,234.814
2015-05-03,241.893
2015-05-04,241.945
2015-05-05,234.923
2015-05-06,234.619
2015-05-07,234.966
2015-05-08,232.015
2015-05-09,245.906
2015-05-10,241.203
2015-05-11,240.507
2015-05-12,243.663
2015-05-13,242.089
2015-05-14,242.873
2015-05-15,236.418
2015-05-16,237.498
2015-05-17,237.384
2015-05-18,237.378
2015-05-19,236.758
2015-05-20,233.332
2015-05-21,234.654
2015-05-22,236.186
2015-05-23,236.846
2015-05-24,240.201
2015-05-25,241.613
2015-05-26,237.313
2015-05-27,237.484
2015-05-28,236.773
2015-05-29,237.406
2015-05-30,237.094
2015-05-31,232.603
2015-06-01,231.895
2015-06-02,222.597
2015-06-03,225.695
2015-06-04,226.092
2015-06-05,224.567
2015-06-06,225.226
2015-06-07,225.026
2015-06-08,223.469
2015-06-09,228.462
2015-06-10,229.277
2015-06-11,228.785
2015-06-12,229.669
2015-06-13,230.259
2015-06-14,232.483
2015-06-15,233.493
2015-06-16,236.594
2015-06-17,252.393
2015-06-18,248.938
2015-06-19,249.827
2015-06-20,243.995
2015-06-21,244.765
2015-06-22,243.891
2015-06-23,246.698
2015-06-24,244.157
2015-06-25,240.823
2015-06-26,242.676
2015-06-27,243.489
2015-06-28,250.655
2015-06-29,248.758
2015-06-30,256.939
2015-07-01,264.057
2015-07-02,259.09
2015-07-03,255.811
2015-07-04,256.656
2015-07-05,260.837
2015-07-06,270.949
2015-07-07,269.478
2015-07-08,266.341
2015-07-09,267.704
2015-07-10,269.191
2015-07-11,286.052
2015-07-12,293.114
2015-07-13,309.859
2015-07-14,291.531
2015-07-15,290.508
2015-07-16,291.183
2015-07-17,278.093
2015-07-18,279.505
2015-07-19,274.517
2015-07-20,273.602
2015-07-21,279.366
2015-07-22,276.139
2015-07-23,277.419
2015-07-24,275.741
2015-07-25,287.267
2015-07-26,288.697
2015-07-27,292.164
2015-07-28,294.907
2015-07-29,293.802
2015-07-30,288.471
2015-07-31,287.823
2015-08-01,284.676
2015-08-02,279.73
2015-08-03,282.168
2015-08-04,282.135
2015-08-05,284.734
2015-08-06,281.459
2015-08-07,278.809
2015-08-08,279.598
2015-08-09,261.801
2015-08-10,265.991
2015-08-11,264.522
2015-08-12,268.243
2015-08-13,265.805
2015-08-14,263.99
2015-08-15,266.174
2015-08-16,261.6
2015-08-17,258.241
2015-08-18,257.909
2015-08-19,231.601
2015-08-20,229.296
2015-08-21,233.494
2015-08-22,233.695
2015-08-23,230.173
2015-08-24,226.995
2015-08-25,203.863
2015-08-26,224.639
2015-08-27,227.369
2015-08-28,221.515
2015-08-29,232.353
2015-08-30,230.462
2015-08-31,227.657
2015-09-01,230.863
2015-09-02,226.675
2015-09-03,229.589
2015-09-04,227.93
2015-09-05,229.577
2015-09-06,236.142
2015-09-07,241.162
2015-09-08,241.852
2015-09-09,243.645
2015-09-10,238.504
2015-09-11,239.653
2015-09-12,239.852
2015-09-13,235.224
2015-09-14,227.961
2015-09-15,231.71
2015-09-16,230.9
2015-09-17,230.049
2015-09-18,233.043
2015-09-19,232.424
2015-09-20,231.004
2015-09-21,227.719
2015-09-22,231.566
2015-09-23,230.202
2015-09-24,231.139
2015-09-25,236.82
2015-09-26,233.933
2015-09-27,233.241
2015-09-28,237.11
2015-09-29,236.259
2015-09-30,236.202
2015-10-01,236.038
2015-10-02,237.17
2015-10-03,237.731
2015-10-04,238.467
2015-10-05,237.909
2015-10-06,240.799
2015-10-07,244.574
2015-10-08,243.066
2015-10-09,243.479
2015-10-10,243.426
2015-10-11,244.646
2015-10-12,246.632
2015-10-13,250.079
2015-10-14,250.13
2015-10-15,254.377
2015-10-16,259.286
2015-10-17,269.651
2015-10-18,265.33
2015-10-19,263.062
2015-10-20,265.758
2015-10-21,264.688
2015-10-22,274.63
2015-10-23,274.985
2015-10-24,277.908
2015-10-25,288.511
2015-10-26,283.626
2015-10-27,292.501
2015-10-28,301.821
2015-10-29,312.264
2015-10-30,319.693
2015-10-31,324.769
2015-11-01,317.023
2015-11-02,334.018
2015-11-03,392.089
2015-11-04,486.534
2015-11-05,393.216
2015-11-06,375.493
2015-11-07,388.144
2015-11-08,385.583
2015-11-09,384.491
2015-11-10,358.042
2015-11-11,312.185
2015-11-12,329.99
2015-11-13,330.588
2015-11-14,333.448
2015-11-15,332.634
2015-11-16,320.758
2015-11-17,320.706
2015-11-18,334.246
2015-11-19,333.518
2015-11-20,326.287
2015-11-21,321.711
2015-11-22,325.69
2015-11-23,322.651
2015-11-24,323.655
2015-11-25,321.585
2015-11-26,325.344
2015-11-27,346.825
2015-11-28,359.416
2015-11-29,355.642
2015-11-30,364.834
2015-12-01,377.034
2015-12-02,361.484
2015-12-03,359.777
2015-12-04,360.712
2015-12-05,361.606
2015-12-06,378.439
2015-12-07,395.493
2015-12-08,394.615
2015-12-09,395.698
2015-12-10,414.863
2015-12-11,416.948
2015-12-12,449.438
2015-12-13,425.814
2015-12-14,435.797
2015-12-15,443.909
2015-12-16,461.439
2015-12-17,457.011
2015-12-18,455.067
2015-12-19,462.867
2015-12-20,462.06
2015-12-21,441.045
2015-12-22,436.033
2015-12-23,439.136
2015-12-24,442.987
2015-12-25,454.293
2015-12-26,456.03
2015-12-27,419.127
2015-12-28,423.26
2015-12-29,419.759
2015-12-30,430.244
2015-12-31,427.452
2016-01-01,430.84
2016-01-02,434.221
2016-01-03,433.444
2016-01-04,427.509
2016-01-05,433.746
2016-01-06,432.198
2016-01-07,430.805
2016-01-08,454.248
2016-01-09,453.716
2016-01-10,449.557
2016-01-11,445.916
2016-01-12,448.21
2016-01-13,445.932
2016-01-14,432.285
2016-01-15,430.633
2016-01-16,375.468
2016-01-17,382.775
2016-01-18,387.313
2016-01-19,387.038
2016-01-20,382.212
2016-01-21,417.34
2016-01-22,410.273
2016-01-23,378.538
2016-01-24,389.1
2016-01-25,403.934
2016-01-26,392.511
2016-01-27,391.598
2016-01-28,395.106
2016-01-29,380.316
2016-01-30,379.89
2016-01-31,378.179
2016-02-01,368.661
2016-02-02,372.942
2016-02-03,374.445
2016-02-04,369.989
2016-02-05,389.588
2016-02-06,386.362
2016-02-07,377.141
2016-02-08,377.151
2016-02-09,373.454
2016-02-10,376.203
2016-02-11,382.02
2016-02-12,379.999
2016-02-13,385.471
2016-02-14,394.577
2016-02-15,410.381
2016-02-16,402.707
2016-02-17,407.977
2016-02-18,416.817
2016-02-19,422.59
2016-02-20,422.163
2016-02-21,438.633
2016-02-22,437.112
2016-02-23,438.692
2016-02-24,423.6
2016-02-25,427.719
2016-02-26,423.06
2016-02-27,434.231
2016-02-28,432.212
2016-02-29,432.373
2016-03-01,438.973
2016-03-02,435.1
2016-03-03,420.773
2016-03-04,422.763
2016-03-05,409.248
2016-03-06,396.187
2016-03-07,407.058
2016-03-08,414.271
2016-03-09,411.899
2016-03-10,413.955
2016-03-11,417.27
2016-03-12,421.658
2016-03-13,412.75
2016-03-14,414.493
2016-03-15,416.66
2016-03-16,416.812
2016-03-17,418.595
2016-03-18,419.627
2016-03-19,409.134
2016-03-20,412.655
2016-03-21,412.154
2016-03-22,415.598
2016-03-23,419.152
2016-03-24,417.746
2016-03-25,416.832
2016-03-26,418.258
2016-03-27,418.019
2016-03-28,425.553
2016-03-29,425.678
2016-03-30,416.228
2016-03-31,416.803
2016-04-01,417.408
2016-04-02,421.005
2016-04-03,420.978
2016-04-04,421.726
2016-04-05,423.233
2016-04-06,424.194
2016-04-07,422.153
2016-04-08,423.811
2016-04-09,418.291
2016-04-10,419.538
2016-04-11,422.009
2016-04-12,426.941
2016-04-13,426.294
2016-04-14,424.552
2016-04-15,425.977
2016-04-16,429.539
2016-04-17,430.382
2016-04-18,428.734
2016-04-19,428.271
2016-04-20,435.579
2016-04-21,443.29
2016-04-22,445.702
2016-04-23,444.884
2016-04-24,453.824
2016-04-25,457.701
2016-04-26,462.843
2016-04-27,465.379
2016-04-28,441.663
2016-04-29,446.808
2016-04-30,454.497
2016-05-01,449.215
2016-05-02,452.29
2016-05-03,444.151
2016-05-04,449.276
2016-05-05,447.289
2016-05-06,447.27
2016-05-07,458.293
2016-05-08,459.16
2016-05-09,456.969
2016-05-10,460.31
2016-05-11,453.406
2016-05-12,451.927
2016-05-13,454.32
2016-05-14,455.342
2016-05-15,455.797
2016-05-16,457.085
2016-05-17,454.774
2016-05-18,454.584
2016-05-19,454
2016-05-20,442.334
2016-05-21,442.061
2016-05-22,442.557
2016-05-23,441.976
2016-05-24,445.427
2016-05-25,448.378
2016-05-26,450.022
2016-05-27,474.069
2016-05-28,498.676
2016-05-29,521.849
2016-05-30,535.539
2016-05-31,544.418
2016-06-01,532.141
2016-06-02,535.844
2016-06-03,549.816
2016-06-04,580.809
2016-06-05,577.988
2016-06-06,585.142
2016-06-07,584.665
2016-06-08,576.673
2016-06-09,578.783
2016-06-10,577.185
2016-06-11,583.377
2016-06-12,628.133
2016-06-13,692.598
2016-06-14,693.612
2016-06-15,677.808
2016-06-16,733.566
2016-06-17,738.893
2016-06-18,754.455
2016-06-19,753.637
2016-06-20,763.99
2016-06-21,713.075
2016-06-22,672.253
2016-06-23,593.038
2016-06-24,651.165
2016-06-25,680.49
2016-06-26,656.33
2016-06-27,644.602
2016-06-28,649.736
2016-06-29,637.476
2016-06-30,639.628
2016-07-01,675.849
2016-07-02,678.151
2016-07-03,671.149
2016-07-04,673.016
2016-07-05,675.281
2016-07-06,675.219
2016-07-07,645.744
2016-07-08,643.358
2016-07-09,653.698
2016-07-10,647.317
2016-07-11,646.921
2016-07-12,648.473
2016-07-13,667.684
2016-07-14,656.24
2016-07-15,664.502
2016-07-16,664.65
2016-07-17,666.034
2016-07-18,679.776
2016-07-19,671.247
2016-07-20,670.628
2016-07-21,663.551
2016-07-22,664.809
2016-07-23,652.987
2016-07-24,654.691
2016-07-25,655.454
2016-07-26,648.27
2016-07-27,653.678
2016-07-28,655.233
2016-07-29,655.515
2016-07-30,655.985
2016-07-31,638.209
2016-08-01,622.498
2016-08-02,603.212
2016-08-03,553.726
2016-08-04,573.437
2016-08-05,571.827
2016-08-06,570.135
2016-08-07,589.672
2016-08-08,589.44
2016-08-09,587.231
2016-08-10,588.482
2016-08-11,592.589
2016-08-12,589.7
2016-08-13,588.941
2016-08-14,583.588
2016-08-15,573.089
2016-08-16,569.174
2016-08-17,580.452
2016-08-18,574.18
2016-08-19,574.948
2016-08-20,579.787
2016-08-21,583.081
2016-08-22,580.799
2016-08-23,583.06
2016-08-24,582.594
2016-08-25,575.628
2016-08-26,579.669
2016-08-27,576.007
2016-08-28,572.82
2016-08-29,575.008
2016-08-30,578.19
2016-08-31,574.893
2016-09-01,572.41
2016-09-02,571.819
2016-09-03,574.777
2016-09-04,601.474
2016-09-05,605.05
2016-09-06,606.715
2016-09-07,608.994
2016-09-08,626.582
2016-09-09,622.512
2016-09-10,623.676
2016-09-11,623.052
2016-09-12,605.681
2016-09-13,607.68
2016-09-14,610.202
2016-09-15,610.234
2016-09-16,608.061
2016-09-17,607.679
2016-09-18,607.309
2016-09-19,609.207
2016-09-20,609.101
2016-09-21,598.608
2016-09-22,597.254
2016-09-23,599.086
2016-09-24,603.552
2016-09-25,602.966
2016-09-26,606.089
2016-09-27,607.068
2016-09-28,605.721
2016-09-29,606.008
2016-09-30,605.636
2016-10-01,612.568
2016-10-02,612.979
2016-10-03,612.126
2016-10-04,610.381
2016-10-05,610.485
2016-10-06,612.013
2016-10-07,615.719
2016-10-08,618.876
2016-10-09,617.449
2016-10-10,618.237
2016-10-11,634.187
2016-10-12,640.19
2016-10-13,637.365
2016-10-14,639.156
2016-10-15,641.932
2016-10-16,642.358
2016-10-17,639.619
2016-10-18,639.741
2016-10-19,638.151
2016-10-20,631.386
2016-10-21,632.257
2016-10-22,637.624
2016-10-23,657.199
2016-10-24,652.827
2016-10-25,656.597
2016-10-26,664.004
2016-10-27,687.116
2016-10-28,687.331
2016-10-29,703.977
2016-10-30,711.374
2016-10-31,701.334
2016-11-01,726.507
2016-11-02,725.873
2016-11-03,736.802
2016-11-04,706.089
2016-11-05,704.692
2016-11-06,712.394
2016-11-07,702.993
2016-11-08,704.233
2016-11-09,734.757
2016-11-10,718.026
2016-11-11,716.853
2016-11-12,707.696
2016-11-13,695.098
2016-11-14,702.443
2016-11-15,709.822
2016-11-16,714.779
2016-11-17,741.735
2016-11-18,751.231
2016-11-19,748.749
2016-11-20,752.467
2016-11-21,734.128
2016-11-22,740.754
2016-11-23,743.086
2016-11-24,740.662
2016-11-25,738.105
2016-11-26,734.906
2016-11-27,736.83
2016-11-28,736.835
2016-11-29,736.4
2016-11-30,747.153
2016-12-01,753.49
2016-12-02,773.419
2016-12-03,768.924
2016-12-04,770.395
2016-12-05,751.713
2016-12-06,764.395
2016-12-07,766.544
2016-12-08,772.765
2016-12-09,773.192
2016-12-10,775.156
2016-12-11,768.598
2016-12-12,780.12
2016-12-13,781.452
2016-12-14,781.489
2016-12-15,779.555
2016-12-16,783.972
2016-12-17,790.224
2016-12-18,790.903
2016-12-19,791.731
2016-12-20,793.315
2016-12-21,809.513
2016-12-22,860.126
2016-12-23,913.311
2016-12-24,891.23
2016-12-25,868.522
2016-12-26,897.475
2016-12-27,930.351
2016-12-28,960.528
2016-12-29,973.423
2016-12-30,949.298
2016-12-31,952.229
2017-01-01,972.948
2017-01-02,1025.88
2017-01-03,1030.47
2017-01-04,1100.52
2017-01-05,1032.94
2017-01-06,892.194
2017-01-07,892.342
2017-01-08,911.99
2017-01-09,907.185
2017-01-10,908.901
2017-01-11,818.048
2017-01-12,767.149
2017-01-13,796.407
2017-01-14,833.934
2017-01-15,821.69
2017-01-16,826.108
2017-01-17,886.754
2017-01-18,899.644
2017-01-19,891.014
2017-01-20,891.942
2017-01-21,926.034
2017-01-22,909.04
2017-01-23,923.955
2017-01-24,907.879
2017-01-25,900.2
2017-01-26,907.819
2017-01-27,920.339
2017-01-28,922.994
2017-01-29,922.58
2017-01-30,921.309
2017-01-31,953.959
2017-02-01,972.586
2017-02-02,996.304
2017-02-03,1019.55
2017-02-04,1025.47
2017-02-05,1027.57
2017-02-06,1040.23
2017-02-07,1059.9
2017-02-08,1052.24
2017-02-09,983.114
2017-02-10,965.105
2017-02-11,1003.48
2017-02-12,1000.53
2017-02-13,992.643
2017-02-14,1001.77
2017-02-15,1005.66
2017-02-16,1019.38
2017-02-17,1041.4
2017-02-18,1056.68
2017-02-19,1045.16
2017-02-20,1057.53
2017-02-21,1102.94
2017-02-22,1112.62
2017-02-23,1143.14
2017-02-24,1177.52
2017-02-25,1163.87
2017-02-26,1157.63
2017-02-27,1166.51
2017-02-28,1177.76
2017-03-01,1205.33
2017-03-02,1228.26
2017-03-03,1267.16
2017-03-04,1269.28
2017-03-05,1255.06
2017-03-06,1270.9
2017-03-07,1226.8
2017-03-08,1202.83
2017-03-09,1172.99
2017-03-10,1241.08
2017-03-11,1190.7
2017-03-12,1181.17
2017-03-13,1231.63
2017-03-14,1236.09
2017-03-15,1249.55
2017-03-16,1222.28
2017-03-17,1160.68
2017-03-18,1066.49
2017-03-19,1002.16
2017-03-20,1058.41
2017-03-21,1094.32
2017-03-22,1041.39
2017-03-23,1056.17
2017-03-24,981.718
2017-03-25,950.005
2017-03-26,993.619
2017-03-27,1030
2017-03-28,1061.93
2017-03-29,1043.88
2017-03-30,1020.99
2017-03-31,1041.06
2017-04-01,1083.77
2017-04-02,1084.98
2017-04-03,1129.9
2017-04-04,1133.37
2017-04-05,1122.91
2017-04-06,1153.1
2017-04-07,1174.68
2017-04-08,1184.6
2017-04-09,1178.15
2017-04-10,1188
2017-04-11,1196.61
2017-04-12,1200.97
2017-04-13,1180.18
2017-04-14,1167.97
2017-04-15,1186.37
2017-04-16,1176.36
2017-04-17,1173.51
2017-04-18,1212.91
2017-04-19,1208.33
2017-04-20,1218.04
2017-04-21,1222.57
2017-04-22,1208.47
2017-04-23,1219.07
2017-04-24,1223.75
2017-04-25,1257.93
2017-04-26,1278.81
2017-04-27,1302.71
2017-04-28,1311.04
2017-04-29,1317.22
2017-04-30,1318.21
2017-05-01,1383.51
2017-05-02,1466.76
2017-05-03,1460.46
2017-05-04,1555.51
2017-05-05,1606.17
2017-05-06,1565.56
2017-05-07,1563.12
2017-05-08,1658.2
2017-05-09,1793.44
2017-05-10,1762.21
2017-05-11,1846.69
2017-05-12,1784.71
2017-05-13,1764.14
2017-05-14,1811.7
2017-05-15,1753.39
2017-05-16,1746.73
2017-05-17,1819.29
2017-05-18,1826.55
2017-05-19,1965.5
2017-05-20,1994.03
2017-05-21,2075.14
2017-05-22,2242.91
2017-05-23,2263.82
2017-05-24,2431.33
2017-05-25,2730.61
2017-05-26,2352.89
2017-05-27,2012.35
2017-05-28,2191.33
2017-05-29,2183.63
2017-05-30,2252.71
2017-05-31,2202.45
2017-06-01,2426.31
2017-06-02,2400.16
2017-06-03,2524.54
2017-06-04,2527.34
2017-06-05,2574.47
2017-06-06,2846.14
2017-06-07,2827.87
2017-06-08,2728.54
2017-06-09,2864.85
2017-06-10,2875.41
2017-06-11,2910.44
2017-06-12,2759.19
2017-06-13,2718.07
2017-06-14,2635.36
2017-06-15,2261.25
2017-06-16,2481.74
2017-06-17,2591.41
2017-06-18,2568.92
2017-06-19,2578.25
2017-06-20,2657.32
2017-06-21,2709.33
2017-06-22,2714.58
2017-06-23,2760.61
2017-06-24,2688.44
2017-06-25,2627.95
2017-06-26,2476.72
2017-06-27,2409
2017-06-28,2539.78
2017-06-29,2536.94
2017-06-30,2547.95
2017-07-01,2507.89
2017-07-02,2445.84
2017-07-03,2519.06
2017-07-04,2618.16
2017-07-05,2562.64
2017-07-06,2592.87
2017-07-07,2549.5
2017-07-08,2521.61
2017-07-09,2589.88
2017-07-10,2473.94
2017-07-11,2375.98
2017-07-12,2341
2017-07-13,2377.5
2017-07-14,2345.15
2017-07-15,2202.94
2017-07-16,2055.09
2017-07-17,1900.86
2017-07-18,2170.3
2017-07-19,2356.3
2017-07-20,2307.55
2017-07-21,2723
2017-07-22,2637.55
2017-07-23,2808.39
2017-07-24,2749.24
2017-07-25,2763.76
2017-07-26,2603.73
2017-07-27,2551.28
2017-07-28,2721.06
2017-07-29,2795.81
2017-07-30,2705.48
2017-07-31,2749.13
2017-08-01,2855.56
2017-08-02,2703.89
2017-08-03,2721.82
2017-08-04,2815.08
2017-08-05,2881.56
2017-08-06,3270.47
2017-08-07,3207.59
2017-08-08,3350.13
2017-08-09,3407.25
2017-08-10,3343.37
2017-08-11,3420.4
2017-08-12,3653.01
2017-08-13,3949.6
2017-08-14,4072.94
2017-08-15,4362.51
2017-08-16,4177.9
2017-08-17,4362.77
2017-08-18,4338.6
2017-08-19,4195.47
2017-08-20,4116.04
2017-08-21,4102.66
2017-08-22,3889.24
2017-08-23,4090.11
2017-08-24,4141.83
2017-08-25,4388.95
2017-08-26,4371.6
2017-08-27,4317.29
2017-08-28,4318.65
2017-08-29,4390.45
2017-08-30,4588.45
2017-08-31,4577.31
2017-09-01,4740.6
2017-09-02,4928.03
2017-09-03,4623.51
2017-09-04,4527.4
2017-09-05,4040.3
2017-09-06,4490.29
2017-09-07,4507.45
2017-09-08,4599.26
2017-09-09,4171.88
2017-09-10,4118.61
2017-09-11,4203.72
2017-09-12,4231.63
2017-09-13,4031.57
2017-09-14,3874.68
2017-09-15,3387.13
2017-09-16,3697.86
2017-09-17,3579.77
2017-09-18,3701.85
2017-09-19,3980.17
2017-09-20,3916.37
2017-09-21,3896.09
2017-09-22,3668.1
2017-09-23,3635.22
2017-09-24,3781.92
2017-09-25,3774
2017-09-26,3947.45
2017-09-27,3908.59
2017-09-28,4165.16
2017-09-29,4100.49
2017-09-30,4205.07
2017-10-01,4314.11
2017-10-02,4412.84
2017-10-03,4427.26
2017-10-04,4302.91
2017-10-05,4243.24
2017-10-06,4332.29
2017-10-07,4358.31
2017-10-08,4418.22
2017-10-09,4616.19
2017-10-10,4817.89
2017-10-11,4793.33
2017-10-12,4861.99
2017-10-13,5707.79
2017-10-14,5666.83
2017-10-15,5852.48
2017-10-16,5688.99
2017-10-17,5629.59
2017-10-18,5514.57
2017-10-19,5605.89
2017-10-20,5670.57
2017-10-21,6083.22
2017-10-22,5974.6
2017-10-23,6021.49
2017-10-24,5648.75
2017-10-25,5403.76
2017-10-26,5728.61
2017-10-27,5956.31
2017-10-28,5804.69
2017-10-29,5727.58
2017-10-30,6119.32
2017-10-31,6131.52
2017-11-01,6441.99
2017-11-02,6867.43
2017-11-03,7076.83
2017-11-04,7164.34
2017-11-05,7380.63
2017-11-06,7385.83
2017-11-07,7129.85
2017-11-08,7326.39
2017-11-09,7395.15
2017-11-10,7255.36
2017-11-11,6809.75
2017-11-12,6170.53
2017-11-13,6008.72
2017-11-14,6657.83
2017-11-15,6925.58
2017-11-16,7224.09
2017-11-17,7931.87
2017-11-18,7502.46
2017-11-19,7804.51
2017-11-20,7974.75
2017-11-21,8072.38
2017-11-22,8155.57
2017-11-23,8239.35
2017-11-24,8074.71
2017-11-25,8222.59
2017-11-26,8842.92
2017-11-27,9624.29
2017-11-28,9740.52
2017-11-29,10454.1
2017-11-30,10678.6
2017-12-01,9948.38
2017-12-02,11109.5
2017-12-03,11045.1
2017-12-04,11443.5
2017-12-05,11684.2
2017-12-06,12458.2
2017-12-07,14441.8
2017-12-08,16669.1
2017-12-09,16129.6
2017-12-10,13465.6
2017-12-11,17102.2
2017-12-12,16574
2017-12-13,16805.3
2017-12-14,16185.9
2017-12-15,17600.3
2017-12-16,17586.8
2017-12-17,19535.7
2017-12-18,18737.6
2017-12-19,19000.8
2017-12-20,17240.1
2017-12-21,16645.5
2017-12-22,13939.1
2017-12-23,14721
2017-12-24,14175.5
2017-12-25,13593.2
2017-12-26,14663.6
2017-12-27,16293.7
2017-12-28,14822.5
2017-12-29,15089.5
2017-12-30,13685.4
2017-12-31,13411
2018-01-01,13791.6
2018-01-02,13670.6
2018-01-03,15190.8
2018-01-04,15364
2018-01-05,15572.1
2018-01-06,17035.6
2018-01-07,17109.1
2018-01-08,15908.9
2018-01-09,15399.6
2018-01-10,14348
2018-01-11,13603.1
2018-01-12,13823.7
2018-01-13,14232.6
2018-01-14,14395.3
2018-01-15,13713.4
2018-01-16,13204.9
2018-01-17,10805.9
2018-01-18,11596.9
2018-01-19,11295.8
2018-01-20,11920.4
2018-01-21,12623.1
2018-01-22,11688.5
2018-01-23,11026.2
2018-01-24,10877.2
2018-01-25,11695.7
2018-01-26,11603.1
2018-01-27,11124.5
2018-01-28,11564
2018-01-29,11537.5
2018-01-30,11075.7
2018-01-31,10001
2018-02-01,10058.1
2018-02-02,8780.23
2018-02-03,8256.33
2018-02-04,9177.5
2018-02-05,8144.01
2018-02-06,6252.44
2018-02-07,7386.63
2018-02-08,8179.93
2018-02-09,8003.77
2018-02-10,8907.83
2018-02-11,8151.89
2018-02-12,8514.72
2018-02-13,8690.49
2018-02-14,8856.73
2018-02-15,9761.57
2018-02-16,10091.9
2018-02-17,10567.8
2018-02-18,10989
2018-02-19,10669.4
2018-02-20,11601.3
2018-02-21,11003.5
2018-02-22,10904.5
2018-02-23,10007.2
2018-02-24,10524.3
2018-02-25,9764.16
2018-02-26,9680.17
2018-02-27,10380.8
2018-02-28,10980.6
2018-03-01,10486.3
2018-03-02,11046.3
2018-03-03,11389.3
2018-03-04,11242.1
2018-03-05,11542.6
2018-03-06,11342.8
2018-03-07,10598.8
2018-03-08,9820.62
2018-03-09,8858.27
2018-03-10,9490.05
2018-03-11,8888.24
2018-03-12,9658.87
2018-03-13,9404.81
2018-03-14,9196.64
2018-03-15,7899.96
2018-03-16,8240.75
2018-03-17,8231.27
2018-03-18,7769.02
2018-03-19,8321.72
2018-03-20,8564.91
2018-03-21,9107.93
2018-03-22,9049.33
2018-03-23,8415.39
2018-03-24,8927.67
2018-03-25,8568.19
2018-03-26,8490.62
2018-03-27,8016.17
2018-03-28,7922.57
2018-03-29,7633.15
2018-03-30,7158.86
2018-03-31,6939.83
2018-04-01,6917.68
2018-04-02,6963.81
2018-04-03,7366.17
2018-04-04,7378.37
2018-04-05,6851.6
2018-04-06,6695.06
2018-04-07,6870.79
2018-04-08,6960.79
2018-04-09,7115.75
2018-04-10,6755.97
2018-04-11,6837.63
2018-04-12,6943.48
2018-04-13,7810.71
2018-04-14,7997.07
2018-04-15,8091.03
2018-04-16,8056.67
2018-04-17,8023.62
2018-04-18,7947.79
2018-04-19,8203.12
2018-04-20,8294.76
2018-04-21,8910.51
2018-04-22,8869.08
2018-04-23,8864.44
2018-04-24,9243.85
2018-04-25,9458.1
2018-04-26,8920.16
2018-04-27,9247.43
2018-04-28,9176.05
2018-04-29,9452.56
2018-04-30,9303.52
2018-05-01,8984.62
2018-05-02,9112.2
2018-05-03,9213.31
2018-05-04,9624.38
2018-05-05,9811.99
2018-05-06,9659.33
2018-05-07,9376.24
2018-05-08,9372.82
2018-05-09,9088.69
2018-05-10,9322.81
2018-05-11,9003.08
2018-05-12,8252.8
2018-05-13,8447.13
2018-05-14,8422.63
2018-05-15,8771.8
2018-05-16,8247.4
2018-05-17,8377.04
2018-05-18,8053.8
2018-05-19,8254.03
2018-05-20,8277.47
2018-05-21,8500.56
2018-05-22,8357.88
2018-05-23,7974.42
2018-05-24,7704.68
2018-05-25,7636.52
2018-05-26,7457.9
2018-05-27,7326.04
2018-05-28,7232.68
2018-05-29,7132.14
2018-05-30,7547.04
2018-05-31,7549.99
2018-06-01,7556.43
2018-06-02,7501.66
2018-06-03,7656.1
2018-06-04,7622.28
2018-06-05,7436.43
2018-06-06,7638.11
2018-06-07,7711.17
2018-06-08,7652.63
2018-06-09,7675.77
2018-06-10,7337.87
2018-06-11,6778.59
2018-06-12,6877.72
2018-06-13,6600.79
2018-06-14,6519.79
2018-06-15,6615.55
2018-06-16,6515.33
2018-06-17,6562.72
2018-06-18,6488.37
2018-06-19,6712.75
2018-06-20,6658.06
2018-06-21,6773.49
2018-06-22,6659.2
2018-06-23,6078.86
2018-06-24,5893.52
2018-06-25,6171.12
2018-06-26,6241.11
2018-06-27,6090.15
2018-06-28,6117.9
2018-06-29,5905.97
2018-06-30,6430.12
2018-07-01,6377.34
2018-07-02,6341.27
2018-07-03,6658.22
2018-07-04,6497.39
2018-07-05,6685.24
2018-07-06,6559.07
2018-07-07,6639.77
2018-07-08,6837.42
2018-07-09,6768.26
2018-07-10,6685.89
2018-07-11,6368.71
2018-07-12,6229.81
2018-07-13,6256.71
2018-07-14,6229.23
2018-07-15,6294.14
2018-07-16,6383.29
2018-07-17,6687.88
2018-07-18,7438.13
2018-07-19,7345.14
2018-07-20,7377.84
2018-07-21,7344.44
2018-07-22,7398.14
2018-07-23,7674.75
2018-07-24,7994.39
2018-07-25,8292.35
2018-07-26,8266.23
2018-07-27,7917.23
2018-07-28,8183.19
2018-07-29,8210.62
2018-07-30,8139.36
2018-07-31,8131.98
2018-08-01,7568
2018-08-02,7707.07
2018-08-03,7343.75
2018-08-04,7473.89
2018-08-05,6996.36
2018-08-06,7020.76
2018-08-07,7046.78
2018-08-08,6504.95
2018-08-09,6351.71
2018-08-10,6487.3
2018-08-11,6152.86
2018-08-12,6343.83
2018-08-13,6479.14
2018-08-14,6059.4
2018-08-15,6445.74
2018-08-16,6413.35
2018-08-17,6496.01
2018-08-18,6504.95
2018-08-19,6391.76
2018-08-20,6489.82
2018-08-21,6489.95
2018-08-22,6669.11
2018-08-23,6453.43
2018-08-24,6537.72
2018-08-25,6719.69
2018-08-26,6666.5
2018-08-27,6729.51
2018-08-28,6935.84
2018-08-29,7063.13
2018-08-30,6994.99
2018-08-31,6971.92
2018-09-01,7056.51
2018-09-02,7257.12
2018-09-03,7259.35
2018-09-04,7306.47
2018-09-05,7375.72
2018-09-06,6436.45
2018-09-07,6521.66
2018-09-08,6509.69
2018-09-09,6222.11
2018-09-10,6344.49
2018-09-11,6348.01
2018-09-12,6266.55
2018-09-13,6409.88
2018-09-14,6547.79
2018-09-15,6527.97
2018-09-16,6496.49
2018-09-17,6481.54
2018-09-18,6276.37
2018-09-19,6337
2018-09-20,6405.11
2018-09-21,6702.86
2018-09-22,6686.89
2018-09-23,6756.65
2018-09-24,6617.27
2018-09-25,6435.09
2018-09-26,6462.19
2018-09-27,6494.61
2018-09-28,6653.71
2018-09-29,6573.42
2018-09-30,6598.19
2018-10-01,6619.6
2018-10-02,6587.25
2018-10-03,6464.8
2018-10-04,6597.41
2018-10-05,6574.37
2018-10-06,6615.01
2018-10-07,6557.04
2018-10-08,6581.04
2018-10-09,6635.56
2018-10-10,6573.1
2018-10-11,6284.12
2018-10-12,6278.36
2018-10-13,6305.39
2018-10-14,6309.65
2018-10-15,6602.71
2018-10-16,6601.22
2018-10-17,6538.9
2018-10-18,6535.54
2018-10-19,6472.5
2018-10-20,6492.16
2018-10-21,6525.12
2018-10-22,6479.71
2018-10-23,6468.5
2018-10-24,6493.35
2018-10-25,6470.13
2018-10-26,6488.52
2018-10-27,6492.69
2018-10-28,6482.96
2018-10-29,6467.27
2018-10-30,6332.3
2018-10-31,6325.36
2018-11-01,6393.02
2018-11-02,6356.13
2018-11-03,6371.47
2018-11-04,6367.93
2018-11-05,6432.68
2018-11-06,6426.57
2018-11-07,6537.26
2018-11-08,6481.21
2018-11-09,6402.31
2018-11-10,6403.88
2018-11-11,6415.57
2018-11-12,6399.63
2018-11-13,6349.53
2018-11-14,6347.57
2018-11-15,5659.07
2018-11-16,5555.92
2018-11-17,5550.15
2018-11-18,5598.26
2018-11-19,5290.59
2018-11-20,4488.05
2018-11-21,4650.16
2018-11-22,4525.33
2018-11-23,4390.43
2018-11-24,4329.06
2018-11-25,3707.1
2018-11-26,3936.63
2018-11-27,3721.87
2018-11-28,4027.16
2018-11-29,4342.07373047
2018-11-30,4215.98028867
2018-12-01,4012.9425287
2018-12-02,4220.51197377
2018-12-03,4031.0967965
2018-12-04,4010.26616338
2018-12-05,3868.12287116
2018-12-06,3869.71863556
2018-12-07,3411.28056013
2018-12-08,3430.62745482
2018-12-09,3505.20296531
2018-12-10,3550.46660405
2018-12-11,3482.87060206
2018-12-12,3456.44308934
2018-12-13,3437.1882836
2018-12-14,3318.62342494
2018-12-15,3209.75732815
2018-12-16,3285.24064444
2018-12-17,3288.44673901
2018-12-18,3511.18193524
2018-12-19,3819.74218344
2018-12-20,4110.59912355
2018-12-21,4055.04328727
2018-12-22,3961.46076634
2018-12-23,4080.14888027
2018-12-24,4176.8095023
2018-12-25,3810.13254894
2018-12-26,3798.3160174
2018-12-27,3793.06690614
2018-12-28,3673.88163821
2018-12-29,3901.35255478
2018-12-30,3892.3904047
2018-12-31,3829.34078559
2019-01-01,3768.84329188
2019-01-02,3849.05723547
2019-01-03,3884.22327124
2019-01-04,3831.66501454
2019-01-05,3864.8705711
2019-01-06,3857.21900917
2019-01-07,4023.13074911
2019-01-08,4031.80238786
2019-01-09,4055.34147252
2019-01-10,3825.05232215
2019-01-11,3687.71914065
2019-01-12,3659.45870287
2019-01-13,3666.17407141
2019-01-14,3584.71420306
2019-01-15,3683.7108808
2019-01-16,3661.35174256
2019-01-17,3638.16209319
2019-01-18,3660.36391836
2019-01-19,3754.7836549
2019-01-20,3733.15322618
2019-01-21,3578.2720406
2019-01-22,3564.1327422
2019-01-23,3604.21957566
2019-01-24,3575.69473249
2019-01-25,3581.37971976
2019-01-26,3636.5997565
2019-01-27,3573.89194803
2019-01-28,3478.94863387
2019-01-29,3422.9898524
2019-01-30,3467.97788981
2019-01-31,3458.39213125
2019-02-01,3454.78891941
2019-02-02,3483.41135699
2019-02-03,3480.10004169
2019-02-04,3454.37604722
2019-02-05,3471.87985971
2019-02-06,3409.21273959
2019-02-07,3426.61816227
2019-02-08,3441.98434425
2019-02-09,3674.39907075
2019-02-10,3654.05356189
2019-02-11,3656.67834986
2019-02-12,3623.45706452
2019-02-13,3638.5198942
2019-02-14,3622.47325146
2019-02-15,3637.00475419
2019-02-16,3635.39683312
2019-02-17,3644.60044094
2019-02-18,3743.34837465
2019-02-19,3925.68615699
2019-02-20,3982.29267418
2019-02-21,3952.23892593
2019-02-22,3978.4327057
2019-02-23,3990.07213651
2019-02-24,4171.18462034
2019-02-25,3840.29657835
2019-02-26,3861.73983803
2019-02-27,3871.64561065
2019-02-28,3866.86871329
2019-03-01,3868.64427091
2019-03-02,3857.89779618
2019-03-03,3866.38620439
2019-03-04,3744.13639993
2019-03-05,3776.51077427
2019-03-06,3899.75593004
2019-03-07,3899.07750083
2019-03-08,3930.44999604
2019-03-09,3942.69466486
2019-03-10,3935.96386853
2019-03-11,3929.11737346
2019-03-12,3924.65609399
2019-03-13,3891.90419153
2019-03-14,3919.31169232
2019-03-15,3929.76538138
2019-03-16,4069.3860274
2019-03-17,4027.80370577
2019-03-18,4018.69333469
2019-03-19,4058.91853328
2019-03-20,4039.68182822
2019-03-21,4079.00779109
2019-03-22,4036.6019815
2019-03-23,4027.54232139
2019-03-24,4029.62340359
2019-03-25,4027.28941114
2019-03-26,3954.70205087
2019-03-27,4068.80361688
2019-03-28,4080.93645773
2019-03-29,4094.8752094
2019-03-30,4087.5367221
2019-03-31,4110.53983846
2019-04-01,4130.44151755
2019-04-02,4761.41474549
2019-04-03,4958.77618112
2019-04-04,4972.19302726
2019-04-05,4975.59209783
2019-04-06,5002.55011676
2019-04-07,5145.96383472
2019-04-08,5212.60692696
2019-04-09,5192.93393555
2019-04-10,5248.011418
2019-04-11,5028.1287
2019-04-12,5045.388
2019-04-13,5069.7887
2019-04-14,5066.5275
2019-04-15,5140.3552
2019-04-16,5064.665316
2019-04-17,5201.137335
2019-04-18,5241.936187
2019-04-19,5260.868672
2019-04-20,5300.682085
2019-04-21,5234.132901
2019-04-22,5309.706252
2019-04-23,5542.078176
2019-04-24,5433.751035
2019-04-25,5437.452539
2019-04-26,5235.550673
2019-04-27,5258.217236
2019-04-28,5280.520553
2019-04-29,5218.865777
2019-04-30,5290.040112
2019-05-01,5331.337332
2019-05-02,5484.815399
2019-05-03,5751.139668
2019-05-04,5635.428655
2019-05-05,5747.253055
2019-05-06,5691.755544
2019-05-07,5878.642196
2019-05-08,5925.063145
2019-05-09,6033.513817
2019-05-10,6295.328295
2019-05-11,6858.944523
2019-05-12,6915.76803
2019-05-13,7753.949712
2019-05-14,8064.286384
2019-05-15,8002.724281
2019-05-16,7994.418362
2019-05-17,7198.758063
2019-05-18,7402.206266
2019-05-19,7941.948154
2019-05-20,7827.413491
2019-05-21,7981.577969
2019-05-22,7996.884133
2019-05-23,7820.878456
2019-05-24,8119.835778
2019-05-25,8093.120463
2019-05-26,8021.557606
2019-05-27,8877.418523
2019-05-28,8737.953583
2019-05-29,8751.138672
2019-05-30,8799.6117
2019-05-31,8451.022936
2019-06-01,8588.70545
2019-06-02,8772.866576
2019-06-03,8411.906539
2019-06-04,7990.05684
2019-06-05,7662.367951
2019-06-06,7707.949463
2019-06-07,7916.186072
2019-06-08,7896.588083
2019-06-09,7735.948754
2019-06-10,7883.492323
2019-06-11,7772.724383
2019-06-12,8122.259069
2019-06-13,8172.030424
2019-06-14,8409.668036
2019-06-15,8695.031604
2019-06-16,9156.889443
2019-06-17,9250.761257
2019-06-18,9018.702089
2019-06-19,9062.829882
2019-06-20,9325.099172
2019-06-21,9811.182744
2019-06-22,10797.195351
2019-06-23,10750.192486
2019-06-24,10885.037759
2019-06-25,11372.926153
2019-06-26,12807.985051
2019-06-27,11712.325489
2019-06-28,12000.098847
2019-06-29,12028.006574
2019-06-30,11164.074879
2019-07-01,10167.657423
2019-07-02,10464.606072
2019-07-03,11398.932811
2019-07-04,11811.794788
2019-07-05,11295.577715
2019-07-06,11462.344272
2019-07-07,11333.67374
2019-07-08,11841.81039
2019-07-09,12325.649217
2019-07-10,12344.728234
2019-07-11,11689.040326
2019-07-12,11478.326512
2019-07-13,11405.047585
2019-07-14,10600.704165
2019-07-15,10511.656727
2019-07-16,10447.694062
2019-07-17,9781.226126
2019-07-18,10356.334495
2019-07-19,10399.845359
2019-07-20,10571.764868
2019-07-21,10441.700648
2019-07-22,10320.688957
2019-07-23,9972.011052
2019-07-24,9894.072914
2019-07-25,10031.217718
2019-07-26,9788.910066
2019-07-27,9458.226845
2019-07-28,9576.089334
2019-07-29,9576.434814
2019-07-30,9687.882162
2019-07-31,10043.887227
2019-08-01,9986.796972
2019-08-02,10595.872301
2019-08-03,10764.775786
2019-08-04,10787.776968
2019-08-05,11694.674773
2019-08-06,11706.456236
2019-08-07,11715.475004
2019-08-08,11769.027451
2019-08-09,11761.021936
2019-08-10,11437.269528
2019-08-11,11398.755564
2019-08-12,11369.756507
2019-08-13,10989.476518
2019-08-14,10515.604537
2019-08-15,10033.692698
2019-08-16,10263.228419
2019-08-17,10343.764369
2019-08-18,10427.580203
2019-08-19,10692.449024
2019-08-20,10695.969619
2019-08-21,10071.42079
2019-08-22,10139.262264
2019-08-23,10395.571065
2019-08-24,9991.46187
2019-08-25,10091.571106
2019-08-26,10350.351212
2019-08-27,10115.756385
2019-08-28,10227.063672
2019-08-29,9536.937406
2019-08-30,9590.10302
2019-08-31,9562.542968
2019-09-01,9527.655596
2019-09-02,9866.386682
2019-09-03,10593.299151
2019-09-04,10431.68572
2019-09-05,10516.922474
2019-09-06,10842.256559
2019-09-07,10442.881987
2019-09-08,10382.117649
2019-09-09,10343.273157
2019-09-10,10196.625975
2019-09-11,9998.646102
2019-09-12,10312.057028
2019-09-13,10294.044984
2019-09-14,10305.215618
2019-09-15,10239.202867
2019-09-16,10100.452838
2019-09-17,10120.182563
2019-09-18,10026.050592
2019-09-19,9739.364819
2019-09-20,10157.188681
2019-09-21,10024.223012
2019-09-22,9974.128977
2019-09-23,9874.349811
2019-09-24,9540.916708
2019-09-25,8399.042667
2019-09-26,8198.123307
2019-09-27,7966.687334
2019-09-28,8071.547392
2019-09-29,7967.25078
2019-09-30,8252.536993
2019-10-01,8305.22235
2019-10-02,8219.922681
2019-10-03,8128.272718
2019-10-04,8134.592993
2019-10-05,8039.417158
2019-10-06,8035.147223
2019-10-07,8158.411599
2019-10-08,8202.766629
2019-10-09,8589.430372
2019-10-10,8495.747939
2019-10-11,8325.663807
2019-10-12,8369.82427
2019-10-13,8394.897208
2019-10-14,8273.224151
2019-10-15,8256.281115
2019-10-16,7969.430611
2019-10-17,8069.505633
2019-10-18,7924.526341
2019-10-19,8010.837031
2019-10-20,7996.412922
2019-10-21,8211.8296
2019-10-22,8197.5294595174
2019-10-23,7456.8957514075
2019-10-24,7440.1183034434
2019-10-25,7722.1798708611
2019-10-26,9226.5156797405
2019-10-27,9517.3249403669
2019-10-28,9349.0860376022
2019-10-29,9338.6346879879
2019-10-30,9065.2320483234
2019-10-31,9200.8134680499
2019-11-01,9130.4625211815
2019-11-02,9290.794180209
2019-11-03,9171.7332987707
2019-11-04,9292.5196824276
2019-11-05,9345.7594264137
2019-11-06,9335.9798149962
2019-11-07,9213.430814458
2019-11-08,8773.5941880825
2019-11-09,8805.302961153
2019-11-10,8821.0262277506
2019-11-11,8746.558306392
2019-11-12,8646.1241992047
2019-11-13,8739.2029105511
2019-11-14,8641.6050920529
2019-11-15,8472.2521318837
2019-11-16,8493.7054748088
2019-11-17,8543.3922874992
2019-11-18,8434.0261648226
2019-11-19,8111.0407640244
2019-11-20,8118.3876837025
2019-11-21,7668.256746625
2019-11-22,7063.2600713271
2019-11-23,7262.9697704017
2019-11-24,7081.6408095459
2019-11-25,7227.5637570674
2019-11-26,7072.6546072644
2019-11-27,7257.2835650328
2019-11-28,7572.648591345
2019-11-29,7755.231727345
2019-11-30,7583.9391507491
2019-12-01,7375.0369782425
2019-12-02,7290.980630194
2019-12-03,7332.6219881964
2019-12-04,7440.2420355894
2019-12-05,7337.4096683042
2019-12-06,7417.373774778
2019-12-07,7523.5331305018
2019-12-08,7534.3442449491
2019-12-09,7490.3289588751
2019-12-10,7283.6130528074
2019-12-11,7186.1759285837
2019-12-12,7168.9597977538
2019-12-13,7247.9122528253
2019-12-14,7127.8249388205
2019-12-15,7113.627928018
2019-12-16,7094.2241136369
2019-12-17,6743.0579651676
2019-12-18,6789.8287092489
2019-12-19,7130.5876802998
2019-12-20,7177.0499759361
2019-12-21,7137.2632199595
2019-12-22,7165.6638217456
2019-12-23,7567.4694744034
2019-12-24,7267.6496312783
2019-12-25,7185.2457521233
2019-12-26,7199.5518239716
2019-12-27,7232.7149285183
2019-12-28,7303.9413359584
2019-12-29,7390.2339198907
2019-12-30,7279.6591243835
2019-12-31,7219.0072372319
2020-01-01,7225.7152679066
2020-01-02,7127.7773843886
2020-01-03,7273.4185254767
2020-01-04,7335.1689314114
2020-01-05,7458.2853521226
2020-01-06,7530.7395547048
2020-01-07,7820.1563025304
2020-01-08,8299.723526957
2020-01-09,7919.2457008645
2020-01-10,8011.0720003918
2020-01-11,8067.4318652818
2020-01-12,8166.9253364336
2020-01-13,8091.885664038
2020-01-14,8715.6953024954
2020-01-15,8813.22109183
2020-01-16,8701.6824187952
2020-01-17,8831.3433719838
2020-01-18,8901.3233168934
2020-01-19,8656.0745763913
2020-01-20,8649.1006748075
2020-01-21,8659.5937014812
2020-01-22,8658.9319515724
2020-01-23,8393.6136743505
2020-01-24,8479.58138188
2020-01-25,8331.4787186131
2020-01-26,8471.0837695284
2020-01-27,8767.4855076621
2020-01-28,9008.827742372
2020-01-29,9302.5547339449
2020-01-30,9366.821520608
2020-01-31,9297.8168194543
2020-02-01,9366.343862876
2020-02-02,9458.2975076722
2020-02-03,9330.0745055961
2020-02-04,9201.4478612649
2020-02-05,9450.8419430301
2020-02-06,9776.9387431842
2020-02-07,9807.0065973127
2020-02-08,9815.0750275825
2020-02-09,10012.8744142333
2020-02-10,9895.7875890377
2020-02-11,9983.1255203661
2020-02-12,10259.4816886356
2020-02-13,10243.1784244656
2020-02-14,10260.8844225523
2020-02-15,10213.3960883108
2020-02-16,9880.5510570281
2020-02-17,9544.7617745878
2020-02-18,9834.1948540837
2020-02-19,10131.7424986479
2020-02-20,9585.9068926868
2020-02-21,9703.5836188393
2020-02-22,9622.7544072357
2020-02-23,9872.7664808353
2020-02-24,9731.0607877811
2020-02-25,9403.14113175
2020-02-26,9005.2189921452
2020-02-27,8889.7570856711
2020-02-28,8656.2168811116
2020-02-29,8647.1755787402
2020-03-01,8590.5926944135
2020-03-02,8790.1323777328
2020-03-03,8719.1296977404
2020-03-04,8754.7899964014
2020-03-05,9035.5889338597
2020-03-06,9067.8142366788
2020-03-07,9111.9873454572
2020-03-08,8497.1207307793
2020-03-09,7703.0705958296
2020-03-10,8010.8173923621
2020-03-11,7787.2422012438
2020-03-12,6070.5678769565
2020-03-13,5251.5614159579
2020-03-14,5350.7587515239
2020-03-15,5356.2827067529
2020-03-16,5134.6039598429
2020-03-17,5271.873657541
2020-03-18,5313.774414959
2020-03-19,5849.4902513817
2020-03-20,6583.0316953989
2020-03-21,6208.0379970056
2020-03-22,6073.7948716775
2020-03-23,6213.8646825265
2020-03-24,6547.2877869054
2020-03-25,6643.2883296629
2020-03-26,6595.1423494403
2020-03-27,6636.2930413715
2020-03-28,6236.0389258116
2020-03-29,6118.8104655823
2020-03-30,6379.9950819009
2020-03-31,6442.7584375489
2020-04-01,6240.54113313
2020-04-02,6791.7250505771
2020-04-03,6718.1227812982
2020-04-04,6719.5079005392
2020-04-05,6785.928286595
2020-04-06,7132.1731556681
2020-04-07,7314.7142916479
2020-04-08,7269.1182083746
2020-04-09,7275.0186547334
2020-04-10,6775.6141450544
2020-04-11,6832.271127686
2020-04-12,7013.7190652432
2020-04-13,6767.6891017051
2020-04-14,6897.2892728215
2020-04-15,6709.4301468019
2020-04-16,7039.3457961692
2020-04-17,7046.0371359644
2020-04-18,7226.9212025446
2020-04-19,7108.1329834945
2020-04-20,7063.7397068669
2020-04-21,6836.921126083
2020-04-22,7108.1902975063
2020-04-23,7533.9501381174
2020-04-24,7502.819425998
2020-04-25,7539.9455903761
2020-04-26,7550.5929706273
2020-04-27,7679.8506596634
2020-04-28,7721.4785816469
2020-04-29,8371.8674646578
2020-04-30,8805.3200222335
2020-05-01,8733.4689881942
2020-05-02,8918.2720355677
2020-05-03,8825.2758578972
2020-05-04,8839.9057325007
2020-05-05,8812.7233713463
2020-05-06,9279.3803445434
2020-05-07,9491.7907694738
2020-05-08,9953.0516655672
2020-05-09,9686.9596284012
2020-05-10,8637.6112800172
2020-05-11,8873.9240147726
2020-05-12,8879.8038430939
2020-05-13,9131.108540015
2020-05-14,9740.3200209912
2020-05-15,9481.156194492
2020-05-16,9370.0161558814
2020-05-17,9818.3535182934
2020-05-18,9666.2073083973
2020-05-19,9687.232420751
2020-05-20,9419.3082097347
2020-05-21,9097.6467299134
2020-05-22,9207.8623449102
2020-05-23,9203.6676289352
2020-05-24,9063.3372956571
2020-05-25,8775.3820268222
2020-05-26,8728.3140661456
2020-05-27,9150.1647812613
2020-05-28,9507.5185370618
2020-05-29,9402.9891549562
2020-05-30,9536.7642972339
2020-05-31,9480.3063514477
2020-06-01,9542.07667084
2020-06-02,9481.8319350577
2020-06-03,9568.6651032413
2020-06-04,9816.9138276165
2020-06-05,9712.5656538911
2020-06-06,9658.5343996447
2020-06-07,9483.0932048716
2020-06-08,9712.2392334708
2020-06-09,9719.7015126121
2020-06-10,9774.523971624
2020-06-11,9532.5403509355
2020-06-12,9422.0892427862
2020-06-13,9439.9832922966
2020-06-14,9435.0926241443
2020-06-15,9307.6214977792
2020-06-16,9457.8242743386
2020-06-17,9398.7756559228
2020-06-18,9391.2962545216
2020-06-19,9380.9841461937
2020-06-20,9261.4525517509
2020-06-21,9374.1913224168
2020-06-22,9495.5138786431
2020-06-23,9658.9635312919
2020-06-24,9195.3709662587
2020-06-25,9211.9083658649
2020-06-26,9124.3883240175
2020-06-27,9111.497459694
2020-06-28,9113.4842782768
2020-06-29,9127.7850176516
2020-06-30,9170.1035556632
2020-07-01,9256.5823854727
2020-07-02,9075.709660874
2020-07-03,9104.0089224265
2020-07-04,9082.8965009102
2020-07-05,9032.5163565277
2020-07-06,9303.00200869
2020-07-07,9263.5412363243
2020-07-08,9399.2698410581
2020-07-09,9228.7427221375
2020-07-10,9238.6895503978
2020-07-11,9240.1111430522
2020-07-12,9218.0103868733
2020-07-13,9282.0114510091
2020-07-14,9241.2476426884
2020-07-15,9229.4086180839
2020-07-16,9126.0400482257
2020-07-17,9136.0604308224
2020-07-18,9172.4076628579
2020-07-19,9136.0264008411
2020-07-20,9176.0740930631
2020-07-21,9340.3848931577
2020-07-22,9340.1684153829
2020-07-23,9533.534204442
2020-07-24,9550.4717257663
2020-07-25,9597.8480865983
2020-07-26,9967.5801662773
2020-07-27,10319.6620389901
2020-07-28,11148.3689081671
2020-07-29,11163.8175610793
2020-07-30,11000.3126551108
2020-07-31,11311.0305263755
2020-08-01,11632.541744441
2020-08-02,11108.7607869209
2020-08-03,11350.6090714303
2020-08-04,11206.0672218682
2020-08-05,11646.9037229406
2020-08-06,11812.856773088
2020-08-07,11639.2803218
2020-08-08,11739.3972052765
2020-08-09,11564.1206614088
2020-08-10,11924.6738568722
2020-08-11,11500.8549546324
2020-08-12,11586.6232153733
2020-08-13,11499.6599181006
2020-08-14,11741.0705206211
2020-08-15,11868.6424389323
2020-08-16,11871.2716797626
2020-08-17,12413.092165259
2020-08-18,11962.5196303187
2020-08-19,11731.441164805
2020-08-20,11843.8822475894
2020-08-21,11749.9676307739
2020-08-22,11607.1274162447
2020-08-23,11667.3825543304
2020-08-24,11769.7802911367
2020-08-25,11423.3623642127
2020-08-26,11480.5553880499
2020-08-27,11330.4320060312
2020-08-28,11528.4119328412
2020-08-29,11494.9734465279
2020-08-30,11590.1347606658
2020-08-31,11739.1563685054
2020-09-01,12036.7385628172
2020-09-02,11331.3398026118
2020-09-03,10654.0751788274
2020-09-04,10428.2456156332
2020-09-05,10266.7027704454
2020-09-06,10182.2844423311
2020-09-07,10148.7132188604
2020-09-08,10077.1804191053
2020-09-09,10260.548511344
2020-09-10,10428.3185377491
2020-09-11,10303.0498677949
2020-09-12,10363.8133785314
2020-09-13,10286.4543813737
2020-09-14,10681.8408231169
2020-09-15,10791.2643266149
2020-09-16,10997.1462803934
2020-09-17,10844.6474082939
2020-09-18,10909.4934592953
2020-09-19,11096.1729175255
2020-09-20,10846.2487462904
2020-09-21,10424.7829629048
2020-09-22,10456.9561555948
2020-09-23,10459.0267473717
2020-09-24,10543.6214078905
2020-09-25,10653.6569230124
2020-09-26,10722.5754981669
2020-09-27,10735.6792463132
2020-09-28,10904.0708645081
2020-09-29,10727.0469628404
2020-09-30,10780.0300860437
2020-10-01,10741.5000132725
2020-10-02,10519.1494712496
2020-10-03,10549.9950582137
2020-10-04,10600.3813992548
2020-10-05,10726.9028343013
2020-10-06,10724.116608004
2020-10-07,10633.2147067952
2020-10-08,10914.0568265124
2020-10-09,11088.6149066882
2020-10-10,11341.4978158065
2020-10-11,11404.1624238704
2020-10-12,11522.0035137811
2020-10-13,11398.8532620814
2020-10-14,11338.4569030586
2020-10-15,11404.2808241436
2020-10-16,11333.7226591576
2020-10-17,11358.0800064208
2020-10-18,11430.3670342875
2020-10-19,11802.1843682888
2020-10-20,11919.6713921137
2020-10-21,12686.8569881331
2020-10-22,12919.987379971
2020-10-23,12934.8947698342
2020-10-24,13114.9096095373
2020-10-25,12927.6412856219
2020-10-26,13002.2089735813
2020-10-27,13604.6941911618
2020-10-28,13240.7376569988
2020-10-29,13426.3132926418
2020-10-30,13528.4397964183
2020-10-31,13856.3324105922
2020-11-01,13784.2284106974
2020-11-02,13541.858118203
2020-11-03,13710.0355272227
2020-11-04,13906.5622817607
2020-11-05,15111.6489504313
2020-11-06,15434.5151208127
2020-11-07,15379.6473366954
2020-11-08,15322.6222838516
2020-11-09,15043.0862568229
2020-11-10,15178.676227668
2020-11-11,15688.8578351535
2020-11-12,16143.9717214457
2020-11-13,16114.0286203846
2020-11-14,15952.75336266
2020-11-15,16022.3817674723
2020-11-16,16443.030788503
2020-11-17,17318.7941104253
2020-11-18,17896.3312670614
2020-11-19,18107.9960545983
2020-11-20,18685.0925896062
2020-11-21,18771.3017275557
2020-11-22,18290.9559754844
2020-11-23,18298.4709547121
2020-11-24,19367.2684313705
2020-11-25,19158.3414913562
2020-11-26,16898.5850115503
2020-11-27,16530.0818982862
2020-11-28,17512.6238375606
2020-11-29,18119.0294122108
2020-11-30,19328.2170787634
2020-12-01,19296.4198385855
2020-12-02,18933.0781573922
2020-12-03,19539.6291383399
2020-12-04,18964.3879495475
2020-12-05,19092.6890899151
2020-12-06,19136.765315553
2020-12-07,19268.3258166258
2020-12-08,18830.0549231975
2020-12-09,18376.2553848976
2020-12-10,18146.0584922395
2020-12-11,18123.0450771543
2020-12-12,18418.1906601072
2020-12-13,19223.6848884863
2020-12-14,19230.0764691971
2020-12-15,19437.9333201013
2020-12-16,20703.0232105565
2020-12-17,23345.4630700794
2020-12-18,22599.8834850599
2020-12-19,23561.5906793964
2020-12-20,23881.3366507989
2020-12-21,22981.3290679833
2020-12-22,23446.898619387
2020-12-23,23413.5699596207
2020-12-24,24222.2542379167
2020-12-25,24050.995106619
2020-12-26,25634.7729663127
2020-12-27,27398.721915892
2020-12-28,26964.9589164171
2020-12-29,26634.6084919113
2020-12-30,28176.8322935251
2020-12-31,28815.5488906984
2021-01-01,29232.1967879813
2021-01-02,31633.8628506302
2021-01-03,33620.6574589668
2021-01-04,31765.7548345121
2021-01-05,32105.6021491912
2021-01-06,34600.6318401883
2021-01-07,38948.593008201
2021-01-08,40720.060221693
2021-01-09,40687.7268169129
2021-01-10,39740.0621777507
2021-01-11,31738.0691597429
2021-01-12,33911.1770710654
2021-01-13,34740.3328374508
2021-01-14,39541.5915276054
2021-01-15,35752.3162288638
2021-01-16,37467.6116097745
2021-01-17,35780.1842271629
2021-01-18,36533.2192744172
2021-01-19,37346.2797844473
2021-01-20,34170.4205498095
2021-01-21,31361.2298410445
2021-01-22,32389.8728719871
2021-01-23,31929.4082674222
2021-01-24,31982.338237507
2021-01-25,34514.8159118459
2021-01-26,31756.354320322
2021-01-27,30421.8976590102
2021-01-28,31936.6758223145
2021-01-29,37032.9146641637
2021-01-30,34225.7976381706
2021-01-31,32910.3806683504
2021-02-01,33286.1027202815
2021-02-02,34631.8342070747
2021-02-03,36840.9951363377
2021-02-04,36629.1552783664
2021-02-05,37907.6199846215
2021-02-06,40827.6971580367
2021-02-07,37988.5955523236
2021-02-08,43658.6260782507
2021-02-09,46794.7528201203
2021-02-10,44239.6823534884
2021-02-11,47910.2054562012
2021-02-12,47014.3643203534
2021-02-13,47147.0873410021
2021-02-14,48456.2066183759
2021-02-15,47955.0814848394
2021-02-16,49035.1679630344
2021-02-17,51163.4057933652
2021-02-18,51572.3517344618
2021-02-19,53713.0303965056
2021-02-20,56344.6055803012
2021-02-21,57126.409681992
2021-02-22,53315.786954692
2021-02-23,48340.6927865868
2021-02-24,49704.3129790912
2021-02-25,50817.8415295259
2021-02-26,47620.1116312608
2021-02-27,46595.8949340881
2021-02-28,43396.955947786
2021-03-01,49108.7763052236
2021-03-02,48607.7438344937
2021-03-03,50808.6356934404
2021-03-04,49563.5891169073
2021-03-05,48050.3124239735
2021-03-06,47318.6257962666
2021-03-07,50561.7430495221
2021-03-08,51083.2815740333
2021-03-09,54042.0283691903
2021-03-10,56346.732027674
2021-03-11,54741.4536239514